{"type":"FeatureCollection","features":[{"type":"Feature","properties":{"nombre":"Parque sur (Falivene)","id":103,"tipo":"Barrio","distrito":"Distrito 20","circuito":"22","hectareas":15.05},"geometry":{"type":"MultiPolygon","coordinates":[[[[-65.230485,-26.881302],[-65.230371,-26.878972],[-65.230327,-26.878066],[-65.230299,-26.87749],[-65.229647,-26.877637],[-65.228095,-26.877926],[-65.227452,-26.878046],[-65.2269,-26.878163],[-65.225414,-26.878426],[-65.225414,-26.878426],[-65.226047,-26.879777],[-65.226451,-26.880677],[-65.227024,-26.88174],[-65.227072,-26.881838],[-65.230485,-26.881302]]]]}},{"type":"Feature","properties":{"nombre":"Ampliacion Villa Alem","id":37,"tipo":"Barrio","distrito":"Distrito 15","circuito":"9","hectareas":43.748},"geometry":{"type":"MultiPolygon","coordinates":[[[[-65.210308,-26.854284],[-65.213526,-26.853581],[-65.216667,-26.852867],[-65.215783,-26.850137],[-65.201558,-26.853528],[-65.201531,-26.85356],[-65.201482,-26.853576],[-65.202516,-26.855812],[-65.202603,-26.855852],[-65.204382,-26.855472],[-65.205678,-26.855191],[-65.207175,-26.855065],[-65.210308,-26.854284]]]]}},{"type":"Feature","properties":{"nombre":"Egeo","id":83,"tipo":"Barrio","distrito":"Distrito 15","circuito":"20","hectareas":9.194},"geometry":{"type":"MultiPolygon","coordinates":[[[[-65.214335,-26.857489],[-65.213743,-26.854877],[-65.210611,-26.855586],[-65.211168,-26.858044],[-65.214335,-26.857489]]]]}},{"type":"Feature","properties":{"nombre":"Capitan Giachino","id":60,"tipo":"Barrio","distrito":"Distrito 15","circuito":"20","hectareas":15.86},"geometry":{"type":"MultiPolygon","coordinates":[[[[-65.212047,-26.861897],[-65.2122,-26.862522],[-65.219443,-26.861126],[-65.219184,-26.860336],[-65.219001,-26.859695],[-65.218837,-26.859117],[-65.218028,-26.859362],[-65.217235,-26.859602],[-65.215473,-26.859974],[-65.215342,-26.859929],[-65.211723,-26.860542],[-65.212042,-26.861867],[-65.212047,-26.861897]]]]}},{"type":"Feature","properties":{"nombre":"Ampliacion Villa Amalia","id":325,"tipo":"Barrio","distrito":"Distrito 15","circuito":"20","hectareas":12.397},"geometry":{"type":"MultiPolygon","coordinates":[[[[-65.2122,-26.862522],[-65.212042,-26.861867],[-65.207094,-26.862838],[-65.208351,-26.864624],[-65.208595,-26.864538],[-65.208909,-26.865074],[-65.210543,-26.864746],[-65.212584,-26.864293],[-65.212432,-26.863653],[-65.2122,-26.862522]]]]}},{"type":"Feature","properties":{"nombre":"San Justo","id":438,"tipo":"Barrio","distrito":"Distrito 15","circuito":"20","hectareas":9.745},"geometry":{"type":"MultiPolygon","coordinates":[[[[-65.212432,-26.863653],[-65.21987,-26.86228],[-65.219459,-26.861124],[-65.2122,-26.862522],[-65.212432,-26.863653]]]]}},{"type":"Feature","properties":{"nombre":"Irigoyen (Diza)","id":116,"tipo":"Barrio","distrito":"Distrito 15","circuito":"20","hectareas":30.491},"geometry":{"type":"MultiPolygon","coordinates":[[[[-65.212584,-26.864293],[-65.212821,-26.865344],[-65.213233,-26.867176],[-65.220995,-26.865683],[-65.220306,-26.863598],[-65.21987,-26.86228],[-65.212432,-26.863653],[-65.212584,-26.864293]]]]}},{"type":"Feature","properties":{"nombre":"Ampliacion San Jose Obrero","id":30,"tipo":"Barrio","distrito":"Distrito 16","circuito":"10A","hectareas":1.69},"geometry":{"type":"MultiPolygon","coordinates":[[[[-65.199931,-26.856504],[-65.199924,-26.856506],[-65.199916,-26.856508],[-65.199919,-26.856488],[-65.198491,-26.856831],[-65.198561,-26.85705],[-65.198561,-26.85705],[-65.198842,-26.857899],[-65.198959,-26.857873],[-65.200181,-26.857608],[-65.199931,-26.856504]]]]}},{"type":"Feature","properties":{"nombre":"Cooperativa 19 de Marzo","id":73,"tipo":"Barrio","distrito":"Distrito 16","circuito":"10A","hectareas":13.356},"geometry":{"type":"MultiPolygon","coordinates":[[[[-65.198561,-26.85705],[-65.198491,-26.856831],[-65.199919,-26.856488],[-65.199916,-26.856508],[-65.199826,-26.856198],[-65.199446,-26.855014],[-65.19933,-26.854653],[-65.199134,-26.854114],[-65.194772,-26.855122],[-65.195547,-26.8579],[-65.197182,-26.857479],[-65.198213,-26.857158],[-65.198561,-26.85705],[-65.198561,-26.85705]]]]}},{"type":"Feature","properties":{"nombre":"Villa San Salvador","id":491,"tipo":"Barrio","distrito":"Distrito 16","circuito":"20","hectareas":51.386},"geometry":{"type":"MultiPolygon","coordinates":[[[[-65.201658,-26.860959],[-65.204497,-26.868425],[-65.20489,-26.869407],[-65.210832,-26.868318],[-65.207094,-26.862838],[-65.206354,-26.861623],[-65.206039,-26.861139],[-65.204888,-26.859372],[-65.204668,-26.859478],[-65.204622,-26.859573],[-65.202955,-26.85999],[-65.201429,-26.860346],[-65.201658,-26.860959]]]]}},{"type":"Feature","properties":{"nombre":"Ferroviario","id":106,"tipo":"Barrio","distrito":"Distrito 9","circuito":"17A","hectareas":3.572},"geometry":{"type":"MultiPolygon","coordinates":[[[[-65.257495,-26.816007],[-65.257799,-26.817279],[-65.260256,-26.816825],[-65.259955,-26.815568],[-65.258561,-26.815817],[-65.257495,-26.816007]]]]}},{"type":"Feature","properties":{"nombre":"A.G.E.T.","id":4,"tipo":"Barrio","distrito":"Distrito 1","circuito":"15B","hectareas":4.633},"geometry":{"type":"MultiPolygon","coordinates":[[[[-65.246689,-26.796419],[-65.246628,-26.796105],[-65.246619,-26.796066],[-65.246526,-26.795647],[-65.246402,-26.79509],[-65.246408,-26.795089],[-65.247728,-26.794847],[-65.247573,-26.794116],[-65.244754,-26.794604],[-65.245026,-26.795841],[-65.245208,-26.796667],[-65.246689,-26.796419]]]]}},{"type":"Feature","properties":{"nombre":"San Jose Obrero","id":436,"tipo":"Barrio","distrito":"Distrito 16","circuito":"20","hectareas":4.97},"geometry":{"type":"MultiPolygon","coordinates":[[[[-65.194295,-26.860518],[-65.193022,-26.860845],[-65.19307,-26.860996],[-65.193959,-26.861859],[-65.195366,-26.861575],[-65.19716,-26.861153],[-65.196909,-26.860369],[-65.196777,-26.859952],[-65.194295,-26.860518]]]]}},{"type":"Feature","properties":{"nombre":"Microcentro","id":154,"tipo":"Barrio","distrito":"Distrito 10","circuito":"1A","hectareas":127.94},"geometry":{"type":"MultiPolygon","coordinates":[[[[-65.202136,-26.832942],[-65.202467,-26.834273],[-65.203107,-26.837076],[-65.209043,-26.835686],[-65.212238,-26.835029],[-65.211228,-26.830984],[-65.210935,-26.829795],[-65.210935,-26.829795],[-65.209925,-26.82569],[-65.209161,-26.822912],[-65.209161,-26.822912],[-65.209161,-26.822912],[-65.20305,-26.82422],[-65.200189,-26.824852],[-65.200815,-26.827443],[-65.201152,-26.828877],[-65.201632,-26.830914],[-65.202136,-26.832942]]]]}},{"type":"Feature","properties":{"nombre":"El Bajo","id":85,"tipo":"Barrio","distrito":"Distrito 10","circuito":"10","hectareas":47.629},"geometry":{"type":"MultiPolygon","coordinates":[[[[-65.195968,-26.838819],[-65.198494,-26.838136],[-65.197479,-26.833961],[-65.197609,-26.833932],[-65.197609,-26.833932],[-65.202136,-26.832942],[-65.201632,-26.830914],[-65.201152,-26.828877],[-65.201152,-26.828877],[-65.199139,-26.829158],[-65.198215,-26.829314],[-65.19646,-26.829609],[-65.194238,-26.829997],[-65.193914,-26.830054],[-65.1946,-26.833001],[-65.194599,-26.833001],[-65.195013,-26.834772],[-65.195354,-26.836163],[-65.195968,-26.838819]]]]}},{"type":"Feature","properties":{"nombre":"Aeropuerto","id":2,"tipo":"Barrio","distrito":"Distrito 10","circuito":"10","hectareas":20.565},"geometry":{"type":"MultiPolygon","coordinates":[[[[-65.197098,-26.8433],[-65.197696,-26.845802],[-65.199561,-26.845252],[-65.200649,-26.845001],[-65.200577,-26.844583],[-65.200093,-26.84468],[-65.199818,-26.843557],[-65.199693,-26.843045],[-65.199573,-26.842552],[-65.19945,-26.84205],[-65.199185,-26.840966],[-65.199093,-26.840587],[-65.198695,-26.83896],[-65.198494,-26.838136],[-65.195968,-26.838819],[-65.196177,-26.839717],[-65.196938,-26.842631],[-65.196972,-26.842772],[-65.197047,-26.843087],[-65.197098,-26.8433]]]]}},{"type":"Feature","properties":{"nombre":"Padre Monti","id":178,"tipo":"Barrio","distrito":"Distrito 11","circuito":"10","hectareas":10.334},"geometry":{"type":"MultiPolygon","coordinates":[[[[-65.196938,-26.842631],[-65.196938,-26.842631],[-65.194713,-26.84304],[-65.194596,-26.845252],[-65.194522,-26.846666],[-65.194521,-26.846684],[-65.197696,-26.845802],[-65.197098,-26.8433],[-65.196972,-26.842772],[-65.196938,-26.842631]]]]}},{"type":"Feature","properties":{"nombre":"S.M.A.T.A. III","id":422,"tipo":"Barrio","distrito":"Distrito 17","circuito":"18G","hectareas":4.803},"geometry":{"type":"MultiPolygon","coordinates":[[[[-65.261478,-26.852535],[-65.26124,-26.851556],[-65.260999,-26.850544],[-65.260998,-26.85054],[-65.260716,-26.8506],[-65.258595,-26.851054],[-65.258961,-26.85192],[-65.259433,-26.851927],[-65.25961,-26.852873],[-65.259694,-26.853092],[-65.259969,-26.852862],[-65.261478,-26.852535]]]]}},{"type":"Feature","properties":{"nombre":"S.M.A.T.A. II","id":421,"tipo":"Barrio","distrito":"Distrito 17","circuito":"18G","hectareas":7.211},"geometry":{"type":"MultiPolygon","coordinates":[[[[-65.261491,-26.852535],[-65.259969,-26.852862],[-65.259694,-26.853092],[-65.25961,-26.852873],[-65.259433,-26.851927],[-65.258961,-26.85192],[-65.258595,-26.851054],[-65.25828,-26.85111],[-65.258667,-26.852987],[-65.259078,-26.854706],[-65.260651,-26.85436],[-65.260915,-26.854302],[-65.261368,-26.854748],[-65.261661,-26.854992],[-65.262033,-26.855002],[-65.261491,-26.852535]]]]}},{"type":"Feature","properties":{"nombre":"CGT","id":266,"tipo":"Barrio","distrito":"Distrito 20","circuito":"22","hectareas":10.74},"geometry":{"type":"MultiPolygon","coordinates":[[[[-65.226451,-26.880677],[-65.221403,-26.881739],[-65.220869,-26.881843],[-65.221529,-26.883764],[-65.225729,-26.882409],[-65.22573,-26.882409],[-65.227024,-26.88174],[-65.226451,-26.880677]]]]}},{"type":"Feature","properties":{"nombre":"Las Rosas del sur (360 Viv)","id":54,"tipo":"Barrio","distrito":"Distrito 20","circuito":"22","hectareas":13.965},"geometry":{"type":"MultiPolygon","coordinates":[[[[-65.223222,-26.88868],[-65.222975,-26.888721],[-65.222392,-26.88882],[-65.222043,-26.888884],[-65.221966,-26.889415],[-65.221951,-26.889519],[-65.221881,-26.889994],[-65.221589,-26.890777],[-65.221454,-26.891138],[-65.221308,-26.89136],[-65.221224,-26.891489],[-65.221845,-26.891575],[-65.222138,-26.891566],[-65.222426,-26.891594],[-65.222541,-26.891626],[-65.222776,-26.891708],[-65.223475,-26.892055],[-65.223517,-26.89208],[-65.224465,-26.892635],[-65.22473,-26.892683],[-65.224845,-26.892716],[-65.224956,-26.89273],[-65.226418,-26.892882],[-65.226894,-26.892124],[-65.22639,-26.891579],[-65.225591,-26.890246],[-65.22506,-26.889359],[-65.224811,-26.888942],[-65.224779,-26.888889],[-65.224523,-26.888459],[-65.223222,-26.88868]]]]}},{"type":"Feature","properties":{"nombre":"SITRAVI I","id":464,"tipo":"Barrio","distrito":"Distrito 7","circuito":"14 D","hectareas":5.706},"geometry":{"type":"MultiPolygon","coordinates":[[[[-65.182359,-26.811276],[-65.182011,-26.80986],[-65.180392,-26.810215],[-65.179678,-26.810371],[-65.178344,-26.810663],[-65.17857,-26.81131],[-65.178885,-26.811947],[-65.18057,-26.811623],[-65.182359,-26.811276]]]]}},{"type":"Feature","properties":{"nombre":"Agef I y II","id":3,"tipo":"Barrio","distrito":"Distrito 8","circuito":"14","hectareas":11.623},"geometry":{"type":"MultiPolygon","coordinates":[[[[-65.16942,-26.822054],[-65.16916,-26.821561],[-65.168239,-26.819811],[-65.165489,-26.820334],[-65.16555,-26.820839],[-65.165839,-26.821478],[-65.166149,-26.822114],[-65.166827,-26.823507],[-65.169499,-26.823404],[-65.16942,-26.822054]]]]}},{"type":"Feature","properties":{"nombre":"2 de Setiembre","id":383,"tipo":"Barrio","distrito":"Distrito 12","circuito":"18A","hectareas":14.471},"geometry":{"type":"MultiPolygon","coordinates":[[[[-65.268505,-26.828358],[-65.267076,-26.825303],[-65.266849,-26.824975],[-65.266815,-26.825089],[-65.266698,-26.825486],[-65.266624,-26.82574],[-65.266547,-26.825999],[-65.266396,-26.826244],[-65.266311,-26.826382],[-65.266265,-26.826457],[-65.266,-26.826675],[-65.265818,-26.826826],[-65.265449,-26.827032],[-65.264949,-26.827311],[-65.264441,-26.827594],[-65.264499,-26.827857],[-65.264635,-26.829005],[-65.264717,-26.830306],[-65.266629,-26.830045],[-65.269114,-26.829612],[-65.268505,-26.828358]]],[[[-65.266629,-26.830045],[-65.266629,-26.830045],[-65.266629,-26.830045],[-65.266629,-26.830045]]]]}},{"type":"Feature","properties":{"nombre":"Alejandro Heredia","id":10,"tipo":"Barrio","distrito":"Distrito 16","circuito":"21","hectareas":52.689},"geometry":{"type":"MultiPolygon","coordinates":[[[[-65.204875,-26.86941],[-65.202269,-26.869856],[-65.203564,-26.871271],[-65.204832,-26.872851],[-65.205653,-26.87398],[-65.206437,-26.875142],[-65.206439,-26.875146],[-65.206451,-26.875163],[-65.208335,-26.874733],[-65.208842,-26.874617],[-65.212068,-26.87392],[-65.212295,-26.87387],[-65.214197,-26.873431],[-65.213247,-26.871991],[-65.212759,-26.871257],[-65.210941,-26.868485],[-65.210832,-26.868318],[-65.208279,-26.868786],[-65.206974,-26.869025],[-65.204875,-26.86941]]]]}},{"type":"Feature","properties":{"nombre":"Congreso","id":71,"tipo":"Barrio","distrito":"Distrito 1","circuito":"15B","hectareas":19.795},"geometry":{"type":"MultiPolygon","coordinates":[[[[-65.249138,-26.789362],[-65.250196,-26.79051],[-65.251285,-26.791685],[-65.249121,-26.793296],[-65.249052,-26.793348],[-65.249336,-26.793569],[-65.249878,-26.793962],[-65.249951,-26.794046],[-65.249951,-26.794046],[-65.249951,-26.794046],[-65.249951,-26.794046],[-65.251487,-26.792892],[-65.252698,-26.791983],[-65.253614,-26.791294],[-65.254451,-26.790666],[-65.254713,-26.790444],[-65.25472,-26.790439],[-65.254734,-26.790425],[-65.254928,-26.790244],[-65.255102,-26.790081],[-65.253233,-26.78813],[-65.252246,-26.787012],[-65.252219,-26.787032],[-65.252219,-26.787032],[-65.252219,-26.787032],[-65.251888,-26.7873],[-65.249138,-26.789362]]]]}},{"type":"Feature","properties":{"nombre":"Viluco (Las Brisas)","id":494,"tipo":"Barrio","distrito":"Distrito 8","circuito":"14","hectareas":8.149},"geometry":{"type":"MultiPolygon","coordinates":[[[[-65.170123,-26.820635],[-65.171019,-26.82289],[-65.171918,-26.821321],[-65.17177,-26.820455],[-65.171863,-26.819568],[-65.171479,-26.818011],[-65.169237,-26.818407],[-65.170123,-26.820635]]]]}},{"type":"Feature","properties":{"nombre":"El Manantial I (Ampliacion)","id":403,"tipo":"Barrio","distrito":"Distrito 17","circuito":"18F","hectareas":5.083},"geometry":{"type":"MultiPolygon","coordinates":[[[[-65.27169,-26.853261],[-65.271817,-26.853233],[-65.272997,-26.852999],[-65.273658,-26.852867],[-65.273913,-26.852286],[-65.274099,-26.852205],[-65.274299,-26.85228],[-65.274453,-26.852154],[-65.274587,-26.851843],[-65.274757,-26.851448],[-65.27493,-26.851045],[-65.274891,-26.850794],[-65.271385,-26.851745],[-65.271291,-26.851772],[-65.27169,-26.853261]]]]}},{"type":"Feature","properties":{"nombre":"Los Vazquez II","id":148,"tipo":"Barrio","distrito":"Distrito 16","circuito":"21","hectareas":25.699},"geometry":{"type":"MultiPolygon","coordinates":[[[[-65.202465,-26.871537],[-65.201118,-26.870187],[-65.198831,-26.870474],[-65.197699,-26.870647],[-65.197117,-26.870777],[-65.196854,-26.87103],[-65.196988,-26.871411],[-65.196207,-26.871932],[-65.196777,-26.873127],[-65.197041,-26.874195],[-65.198995,-26.874215],[-65.199287,-26.874528],[-65.199463,-26.874663],[-65.199613,-26.874745],[-65.199747,-26.874804],[-65.199956,-26.874968],[-65.200324,-26.87511],[-65.200608,-26.875065],[-65.200792,-26.875028],[-65.202028,-26.874753],[-65.20453,-26.874203],[-65.203707,-26.873046],[-65.202465,-26.871537]]]]}},{"type":"Feature","properties":{"nombre":"11 de Febrero","id":376,"tipo":"Barrio","distrito":"Distrito 7","circuito":"14 D","hectareas":6.932},"geometry":{"type":"MultiPolygon","coordinates":[[[[-65.174001,-26.811794],[-65.173668,-26.811522],[-65.171464,-26.811919],[-65.1718,-26.813304],[-65.176937,-26.812358],[-65.176327,-26.811347],[-65.174001,-26.811794]]]]}},{"type":"Feature","properties":{"nombre":"Crucero General Belgrano","id":79,"tipo":"Barrio","distrito":"Distrito 16","circuito":"10A","hectareas":6.81},"geometry":{"type":"MultiPolygon","coordinates":[[[[-65.193907,-26.855321],[-65.193466,-26.855423],[-65.192771,-26.856347],[-65.193065,-26.857468],[-65.193296,-26.8584],[-65.193479,-26.858356],[-65.193792,-26.858287],[-65.194517,-26.858127],[-65.195547,-26.8579],[-65.194772,-26.855122],[-65.193907,-26.855321]]]]}},{"type":"Feature","properties":{"nombre":"San Rafael","id":449,"tipo":"Barrio","distrito":"Distrito 3","circuito":"15B","hectareas":2.366},"geometry":{"type":"MultiPolygon","coordinates":[[[[-65.229282,-26.790796],[-65.226231,-26.791197],[-65.226364,-26.791955],[-65.227038,-26.791832],[-65.229433,-26.791397],[-65.229282,-26.790796]]]]}},{"type":"Feature","properties":{"nombre":"Blasco II","id":55,"tipo":"Barrio","distrito":"Distrito 20","circuito":"22","hectareas":5.678},"geometry":{"type":"MultiPolygon","coordinates":[[[[-65.226047,-26.879777],[-65.221095,-26.880719],[-65.221403,-26.881739],[-65.226451,-26.880677],[-65.226047,-26.879777]]]]}},{"type":"Feature","properties":{"nombre":"Lapacho sur","id":131,"tipo":"Barrio","distrito":"Distrito 20","circuito":"22","hectareas":11.724},"geometry":{"type":"MultiPolygon","coordinates":[[[[-65.225414,-26.878426],[-65.225414,-26.878426],[-65.22518,-26.877908],[-65.222675,-26.878396],[-65.220461,-26.878818],[-65.220462,-26.878822],[-65.220501,-26.878821],[-65.220617,-26.879372],[-65.220145,-26.879485],[-65.220066,-26.879504],[-65.220186,-26.879859],[-65.220517,-26.880836],[-65.221095,-26.880719],[-65.221095,-26.880719],[-65.226047,-26.879777],[-65.225414,-26.878426]]]]}},{"type":"Feature","properties":{"nombre":"Batalla de Tucuman","id":51,"tipo":"Barrio","distrito":"Distrito 9","circuito":"17A","hectareas":12.183},"geometry":{"type":"MultiPolygon","coordinates":[[[[-65.253614,-26.830298],[-65.254064,-26.830286],[-65.254353,-26.830279],[-65.254639,-26.830332],[-65.254977,-26.830395],[-65.255569,-26.830505],[-65.256276,-26.830521],[-65.256654,-26.830529],[-65.257289,-26.830543],[-65.258108,-26.830561],[-65.257892,-26.829522],[-65.259425,-26.829142],[-65.259043,-26.82778],[-65.253225,-26.828915],[-65.253614,-26.830298]]]]}},{"type":"Feature","properties":{"nombre":"Vial III-Asociacion Mutual de Vialidad","id":43,"tipo":"Barrio","distrito":"Distrito 17","circuito":"18G","hectareas":4.773},"geometry":{"type":"MultiPolygon","coordinates":[[[[-65.258668,-26.852993],[-65.256808,-26.853441],[-65.256774,-26.853779],[-65.257206,-26.855555],[-65.259168,-26.855079],[-65.259078,-26.854706],[-65.25888,-26.853823],[-65.258668,-26.852993]]]]}},{"type":"Feature","properties":{"nombre":"Torres 25 de Mayo","id":474,"tipo":"Barrio","distrito":"Distrito 6","circuito":"12","hectareas":2.605},"geometry":{"type":"MultiPolygon","coordinates":[[[[-65.203272,-26.818255],[-65.202965,-26.816868],[-65.201448,-26.817141],[-65.201784,-26.818652],[-65.201844,-26.818641],[-65.203294,-26.818356],[-65.203283,-26.818308],[-65.203272,-26.818255]]]]}},{"type":"Feature","properties":{"nombre":"Y.P.F.","id":495,"tipo":"Barrio","distrito":"Distrito 13","circuito":"18C","hectareas":0.837},"geometry":{"type":"MultiPolygon","coordinates":[[[[-65.247219,-26.842239],[-65.247121,-26.841849],[-65.24529,-26.842206],[-65.245381,-26.842606],[-65.246418,-26.842399],[-65.24691,-26.842301],[-65.247219,-26.842239]]]]}},{"type":"Feature","properties":{"nombre":"Nueva Vida","id":167,"tipo":"Barrio","distrito":"Distrito 17","circuito":"18G","hectareas":5.523},"geometry":{"type":"MultiPolygon","coordinates":[[[[-65.264003,-26.849988],[-65.265193,-26.849746],[-65.26593,-26.849609],[-65.265349,-26.847131],[-65.263389,-26.847538],[-65.263659,-26.848617],[-65.264003,-26.849988]]]]}},{"type":"Feature","properties":{"nombre":"Ampliacion el Parque","id":22,"tipo":"Barrio","distrito":"Distrito 11","circuito":"11A","hectareas":31.265},"geometry":{"type":"MultiPolygon","coordinates":[[[[-65.175834,-26.830655],[-65.179694,-26.829904],[-65.178022,-26.822831],[-65.17451,-26.823633],[-65.17479,-26.82485],[-65.174724,-26.825405],[-65.174616,-26.826016],[-65.175661,-26.830491],[-65.175705,-26.83068],[-65.175834,-26.830655]]]]}},{"type":"Feature","properties":{"nombre":"Parque Guillermina","id":409,"tipo":"Barrio","distrito":"Distrito 9","circuito":"17A","hectareas":12.112},"geometry":{"type":"MultiPolygon","coordinates":[[[[-65.256357,-26.819982],[-65.253761,-26.820432],[-65.253119,-26.820558],[-65.253697,-26.823339],[-65.254502,-26.8232],[-65.255494,-26.823029],[-65.255097,-26.821276],[-65.25585,-26.821114],[-65.256414,-26.823724],[-65.256638,-26.82369],[-65.256881,-26.824981],[-65.257766,-26.824867],[-65.257189,-26.822244],[-65.256633,-26.819935],[-65.256357,-26.819982]]]]}},{"type":"Feature","properties":{"nombre":"Obrero Municipal","id":172,"tipo":"Barrio","distrito":"Distrito 8","circuito":"14 D","hectareas":3.685},"geometry":{"type":"MultiPolygon","coordinates":[[[[-65.181576,-26.811999],[-65.181737,-26.812621],[-65.184608,-26.812058],[-65.186846,-26.811664],[-65.186426,-26.811028],[-65.181576,-26.811999]]]]}},{"type":"Feature","properties":{"nombre":"El Molino","id":94,"tipo":"Barrio","distrito":"Distrito 7","circuito":"14C","hectareas":11.265},"geometry":{"type":"MultiPolygon","coordinates":[[[[-65.186482,-26.807481],[-65.185791,-26.804558],[-65.181946,-26.805308],[-65.182393,-26.806081],[-65.182725,-26.806652],[-65.183696,-26.808007],[-65.186482,-26.807481]]]]}},{"type":"Feature","properties":{"nombre":"Ampliacion el Molino","id":21,"tipo":"Barrio","distrito":"Distrito 7","circuito":"14C","hectareas":2.47},"geometry":{"type":"MultiPolygon","coordinates":[[[[-65.182001,-26.805428],[-65.18041,-26.805751],[-65.181129,-26.806998],[-65.181145,-26.807024],[-65.182725,-26.806652],[-65.182393,-26.806081],[-65.182013,-26.805426],[-65.182001,-26.805428]]]]}},{"type":"Feature","properties":{"nombre":"Vial (Este)","id":476,"tipo":"Barrio","distrito":"Distrito 4","circuito":"15A","hectareas":7.338},"geometry":{"type":"MultiPolygon","coordinates":[[[[-65.218095,-26.794448],[-65.217505,-26.792498],[-65.215519,-26.792919],[-65.215469,-26.79268],[-65.214349,-26.792892],[-65.214968,-26.795071],[-65.218095,-26.794448]]]]}},{"type":"Feature","properties":{"nombre":"Ciudad Parque","id":68,"tipo":"Barrio","distrito":"Distrito 9","circuito":"17A","hectareas":68.87},"geometry":{"type":"MultiPolygon","coordinates":[[[[-65.257503,-26.806252],[-65.252864,-26.807052],[-65.250878,-26.807452],[-65.251444,-26.810055],[-65.248586,-26.810648],[-65.249502,-26.814602],[-65.250864,-26.814365],[-65.252269,-26.81396],[-65.25228,-26.813956],[-65.255613,-26.813287],[-65.255807,-26.813342],[-65.256143,-26.814898],[-65.257233,-26.814667],[-65.257236,-26.814666],[-65.258301,-26.814473],[-65.259599,-26.814238],[-65.259441,-26.812624],[-65.259405,-26.812254],[-65.258885,-26.812345],[-65.257711,-26.807406],[-65.257711,-26.807406],[-65.257503,-26.806252]]]]}},{"type":"Feature","properties":{"nombre":"La Porteña","id":130,"tipo":"Barrio","distrito":"Distrito 3","circuito":"15B","hectareas":1.915},"geometry":{"type":"MultiPolygon","coordinates":[[[[-65.233348,-26.790175],[-65.233171,-26.789424],[-65.233166,-26.789426],[-65.230328,-26.79021],[-65.230391,-26.790607],[-65.233348,-26.790175]]]]}},{"type":"Feature","properties":{"nombre":"Ampliacion Padilla","id":29,"tipo":"Barrio","distrito":"Distrito 1","circuito":"16A","hectareas":17.753},"geometry":{"type":"MultiPolygon","coordinates":[[[[-65.255452,-26.805874],[-65.254522,-26.805516],[-65.250564,-26.806188],[-65.249815,-26.807667],[-65.250878,-26.807452],[-65.252864,-26.807052],[-65.257503,-26.806252],[-65.257711,-26.807406],[-65.261122,-26.806701],[-65.261123,-26.806701],[-65.260461,-26.806254],[-65.258841,-26.805162],[-65.258487,-26.805067],[-65.257529,-26.804322],[-65.256651,-26.803537],[-65.256651,-26.803537],[-65.25599,-26.804826],[-65.255452,-26.805874],[-65.255452,-26.805874],[-65.255452,-26.805874]]]]}},{"type":"Feature","properties":{"nombre":"Oeste I","id":173,"tipo":"Barrio","distrito":"Distrito 1","circuito":"16A","hectareas":19.04},"geometry":{"type":"MultiPolygon","coordinates":[[[[-65.256651,-26.803537],[-65.256651,-26.803537],[-65.255775,-26.802763],[-65.255662,-26.802811],[-65.252318,-26.804226],[-65.247333,-26.806353],[-65.247474,-26.806864],[-65.247812,-26.808058],[-65.249815,-26.807667],[-65.250564,-26.806188],[-65.254522,-26.805516],[-65.255452,-26.805874],[-65.25599,-26.804826],[-65.256651,-26.803537]]]]}},{"type":"Feature","properties":{"nombre":"Las Américas","id":132,"tipo":"Barrio","distrito":"Distrito 1","circuito":"16A","hectareas":3.048},"geometry":{"type":"MultiPolygon","coordinates":[[[[-65.246442,-26.798105],[-65.24556,-26.798244],[-65.24624,-26.801352],[-65.247079,-26.801209],[-65.246442,-26.798105]]]]}},{"type":"Feature","properties":{"nombre":"O' Connor","id":170,"tipo":"Barrio","distrito":"Distrito 1","circuito":"16A","hectareas":10.458},"geometry":{"type":"MultiPolygon","coordinates":[[[[-65.253108,-26.799438],[-65.253156,-26.799428],[-65.253219,-26.799422],[-65.253013,-26.799052],[-65.253294,-26.798871],[-65.252776,-26.797787],[-65.252394,-26.796988],[-65.251708,-26.796257],[-65.251135,-26.795646],[-65.250223,-26.795808],[-65.24944,-26.795947],[-65.24965,-26.796951],[-65.248981,-26.797002],[-65.249125,-26.797655],[-65.249124,-26.797655],[-65.24942,-26.798984],[-65.24964,-26.800063],[-65.253066,-26.799444],[-65.253108,-26.799438]]]]}},{"type":"Feature","properties":{"nombre":"Oeste II","id":174,"tipo":"Barrio","distrito":"Distrito 1","circuito":"16A","hectareas":25.458},"geometry":{"type":"MultiPolygon","coordinates":[[[[-65.256666,-26.797844],[-65.256024,-26.79805],[-65.25562,-26.796932],[-65.254245,-26.797355],[-65.254033,-26.7969],[-65.252394,-26.796988],[-65.252394,-26.796988],[-65.252776,-26.797787],[-65.253294,-26.798871],[-65.253013,-26.799052],[-65.253219,-26.799422],[-65.253156,-26.799428],[-65.252953,-26.799847],[-65.253007,-26.800088],[-65.251986,-26.800261],[-65.25207,-26.800635],[-65.249859,-26.801029],[-65.250096,-26.80203],[-65.250494,-26.803681],[-65.254778,-26.801886],[-65.254792,-26.801537],[-65.254276,-26.800893],[-65.255179,-26.800662],[-65.254988,-26.800096],[-65.256575,-26.799611],[-65.257845,-26.79931],[-65.257338,-26.797631],[-65.256666,-26.797844],[-65.256666,-26.797844]]]]}},{"type":"Feature","properties":{"nombre":"Los Tarcos II","id":146,"tipo":"Barrio","distrito":"Distrito 1","circuito":"15B","hectareas":10.635},"geometry":{"type":"MultiPolygon","coordinates":[[[[-65.256024,-26.79805],[-65.256977,-26.797737],[-65.258717,-26.797187],[-65.257628,-26.794014],[-65.254862,-26.794838],[-65.256024,-26.79805]]]]}},{"type":"Feature","properties":{"nombre":"Vial (Oeste)","id":477,"tipo":"Barrio","distrito":"Distrito 1","circuito":"15B","hectareas":5.313},"geometry":{"type":"MultiPolygon","coordinates":[[[[-65.248402,-26.792845],[-65.246052,-26.793274],[-65.244514,-26.793497],[-65.244754,-26.794604],[-65.247573,-26.794116],[-65.247709,-26.794092],[-65.24901,-26.793869],[-65.249336,-26.793569],[-65.249052,-26.793348],[-65.248402,-26.792845]]]]}},{"type":"Feature","properties":{"nombre":"COPERGET","id":75,"tipo":"Barrio","distrito":"Distrito 1","circuito":"15B","hectareas":4.97},"geometry":{"type":"MultiPolygon","coordinates":[[[[-65.244241,-26.792194],[-65.244514,-26.793497],[-65.244636,-26.793479],[-65.246052,-26.793274],[-65.248402,-26.792845],[-65.24694,-26.791741],[-65.246936,-26.791742],[-65.246936,-26.791742],[-65.245762,-26.791939],[-65.244401,-26.792168],[-65.244328,-26.79218],[-65.244247,-26.792193],[-65.244241,-26.792194]]]]}},{"type":"Feature","properties":{"nombre":"Coop. Gümes (La Merced)","id":74,"tipo":"Barrio","distrito":"Distrito 1","circuito":"16A","hectareas":3.079},"geometry":{"type":"MultiPolygon","coordinates":[[[[-65.256239,-26.802565],[-65.256752,-26.803105],[-65.26025,-26.801631],[-65.260256,-26.801628],[-65.260042,-26.800947],[-65.256239,-26.802565]]]]}},{"type":"Feature","properties":{"nombre":"Viamonte","id":479,"tipo":"Barrio","distrito":"Distrito 2","circuito":"15B","hectareas":20.219},"geometry":{"type":"MultiPolygon","coordinates":[[[[-65.239461,-26.798782],[-65.239109,-26.797077],[-65.239692,-26.796966],[-65.239225,-26.795001],[-65.234623,-26.795782],[-65.235105,-26.797783],[-65.235545,-26.799914],[-65.237154,-26.799631],[-65.238412,-26.799409],[-65.239546,-26.799209],[-65.239461,-26.798782]]]]}},{"type":"Feature","properties":{"nombre":"Ampliacion Kennedy","id":27,"tipo":"Barrio","distrito":"Distrito 2","circuito":"15B","hectareas":32.213},"geometry":{"type":"MultiPolygon","coordinates":[[[[-65.245208,-26.796667],[-65.244754,-26.794604],[-65.244514,-26.793497],[-65.244445,-26.793168],[-65.241899,-26.793667],[-65.240515,-26.793925],[-65.23906,-26.794197],[-65.239225,-26.795001],[-65.239692,-26.796966],[-65.239122,-26.797075],[-65.239546,-26.799209],[-65.240137,-26.799114],[-65.242419,-26.798748],[-65.24556,-26.798243],[-65.245208,-26.796667]]]]}},{"type":"Feature","properties":{"nombre":"Kennedy","id":125,"tipo":"Barrio","distrito":"Distrito 2","circuito":"16","hectareas":24.925},"geometry":{"type":"MultiPolygon","coordinates":[[[[-65.246431,-26.802165],[-65.24624,-26.801352],[-65.24556,-26.798243],[-65.240137,-26.799114],[-65.24083,-26.803145],[-65.246431,-26.802165]]]]}},{"type":"Feature","properties":{"nombre":"Telefonico","id":470,"tipo":"Barrio","distrito":"Distrito 7","circuito":"14B","hectareas":2.997},"geometry":{"type":"MultiPolygon","coordinates":[[[[-65.174307,-26.793136],[-65.174649,-26.793829],[-65.175255,-26.793671],[-65.175682,-26.794786],[-65.176623,-26.794577],[-65.176567,-26.794364],[-65.175333,-26.792374],[-65.175097,-26.791994],[-65.174402,-26.793011],[-65.174307,-26.793136]]]]}},{"type":"Feature","properties":{"nombre":"San Roque II","id":453,"tipo":"Barrio","distrito":"Distrito 7","circuito":"14B","hectareas":3.232},"geometry":{"type":"MultiPolygon","coordinates":[[[[-65.172795,-26.795417],[-65.174196,-26.79511],[-65.175681,-26.794786],[-65.17525,-26.793671],[-65.174649,-26.793827],[-65.174303,-26.793136],[-65.173338,-26.794674],[-65.172795,-26.795417]]]]}},{"type":"Feature","properties":{"nombre":"Parque Centenario","id":180,"tipo":"Barrio","distrito":"Distrito 8","circuito":"14","hectareas":19.671},"geometry":{"type":"MultiPolygon","coordinates":[[[[-65.173529,-26.817678],[-65.175215,-26.821952],[-65.174219,-26.822206],[-65.17451,-26.823633],[-65.178022,-26.822831],[-65.177677,-26.821406],[-65.176648,-26.81717],[-65.173529,-26.817678]]]]}},{"type":"Feature","properties":{"nombre":"Obispo Piedrabuena","id":171,"tipo":"Barrio","distrito":"Distrito 8","circuito":"14","hectareas":27.478},"geometry":{"type":"MultiPolygon","coordinates":[[[[-65.17967,-26.81667],[-65.180599,-26.820857],[-65.186383,-26.819814],[-65.185869,-26.817159],[-65.185528,-26.815781],[-65.183714,-26.816113],[-65.183609,-26.816018],[-65.17967,-26.81667]]]]}},{"type":"Feature","properties":{"nombre":"Villa San Jorge","id":490,"tipo":"Barrio","distrito":"Distrito 7","circuito":"14A","hectareas":7.362},"geometry":{"type":"MultiPolygon","coordinates":[[[[-65.182248,-26.798926],[-65.181673,-26.79651],[-65.181619,-26.79628],[-65.181616,-26.796281],[-65.181587,-26.796287],[-65.179593,-26.796704],[-65.179591,-26.796705],[-65.179668,-26.797048],[-65.17922,-26.797138],[-65.179449,-26.798111],[-65.179753,-26.799407],[-65.179968,-26.79937],[-65.180597,-26.799244],[-65.182248,-26.798926]]]]}},{"type":"Feature","properties":{"nombre":"San Roque I","id":452,"tipo":"Barrio","distrito":"Distrito 7","circuito":"14C","hectareas":5.986},"geometry":{"type":"MultiPolygon","coordinates":[[[[-65.181273,-26.804143],[-65.181943,-26.805307],[-65.185791,-26.804558],[-65.185469,-26.803243],[-65.183384,-26.803673],[-65.181273,-26.804143],[-65.181273,-26.804143]]]]}},{"type":"Feature","properties":{"nombre":"Bajo la Polvora","id":50,"tipo":"Barrio","distrito":"Distrito 7","circuito":"14 D","hectareas":21.474},"geometry":{"type":"MultiPolygon","coordinates":[[[[-65.184758,-26.807807],[-65.183696,-26.808007],[-65.183709,-26.808023],[-65.184473,-26.808898],[-65.18479,-26.809135],[-65.185075,-26.809347],[-65.185516,-26.809639],[-65.185625,-26.809738],[-65.185703,-26.809809],[-65.185916,-26.810232],[-65.185995,-26.810389],[-65.186099,-26.810536],[-65.186151,-26.81061],[-65.188734,-26.810148],[-65.191602,-26.809632],[-65.190934,-26.806597],[-65.188008,-26.807178],[-65.187211,-26.807336],[-65.186482,-26.807481],[-65.184758,-26.807807]]]]}},{"type":"Feature","properties":{"nombre":"Santa Rosa de Lima","id":458,"tipo":"Barrio","distrito":"Distrito 8","circuito":"14","hectareas":1.899},"geometry":{"type":"MultiPolygon","coordinates":[[[[-65.17898,-26.813133],[-65.177731,-26.813366],[-65.178063,-26.814838],[-65.179304,-26.814613],[-65.178892,-26.813901],[-65.17898,-26.813133]]]]}},{"type":"Feature","properties":{"nombre":"Vicente Almaraz Diaz","id":480,"tipo":"Barrio","distrito":"Distrito 8","circuito":"14 D","hectareas":9.52},"geometry":{"type":"MultiPolygon","coordinates":[[[[-65.171991,-26.8143],[-65.171991,-26.8143],[-65.177183,-26.813463],[-65.17898,-26.813133],[-65.180185,-26.812909],[-65.181737,-26.812621],[-65.181576,-26.811999],[-65.17689,-26.812825],[-65.176937,-26.812358],[-65.1718,-26.813304],[-65.171991,-26.8143],[-65.171991,-26.8143]]]]}},{"type":"Feature","properties":{"nombre":"Arturo Illia I","id":40,"tipo":"Barrio","distrito":"Distrito 8","circuito":"14","hectareas":2.617},"geometry":{"type":"MultiPolygon","coordinates":[[[[-65.180532,-26.814373],[-65.18211,-26.814053],[-65.181737,-26.812621],[-65.180185,-26.812909],[-65.180532,-26.814373]]]]}},{"type":"Feature","properties":{"nombre":"8 de Marzo-Juan Pablo VI","id":391,"tipo":"Barrio","distrito":"Distrito 8","circuito":"14","hectareas":5.598},"geometry":{"type":"MultiPolygon","coordinates":[[[[-65.17201,-26.814314],[-65.172323,-26.815659],[-65.175892,-26.815097],[-65.17574,-26.814275],[-65.175636,-26.813711],[-65.17201,-26.814314]]]]}},{"type":"Feature","properties":{"nombre":"COPIAAT I","id":76,"tipo":"Barrio","distrito":"Distrito 8","circuito":"14","hectareas":5.068},"geometry":{"type":"MultiPolygon","coordinates":[[[[-65.174219,-26.822206],[-65.174555,-26.822121],[-65.175215,-26.821952],[-65.173529,-26.817678],[-65.172814,-26.817794],[-65.173703,-26.821436],[-65.174219,-26.822206]]]]}},{"type":"Feature","properties":{"nombre":"Lopez y Planes","id":139,"tipo":"Barrio","distrito":"Distrito 8","circuito":"14","hectareas":4.254},"geometry":{"type":"MultiPolygon","coordinates":[[[[-65.171023,-26.815918],[-65.166662,-26.816613],[-65.166664,-26.81662],[-65.166888,-26.817519],[-65.171186,-26.81673],[-65.17112,-26.816404],[-65.17108,-26.816203],[-65.17108,-26.816203],[-65.171023,-26.815918]]]]}},{"type":"Feature","properties":{"nombre":"Agrimensores","id":5,"tipo":"Barrio","distrito":"Distrito 9","circuito":"17A","hectareas":2.609},"geometry":{"type":"MultiPolygon","coordinates":[[[[-65.259599,-26.814238],[-65.261105,-26.813992],[-65.260858,-26.812426],[-65.259441,-26.812624],[-65.259599,-26.814238]]]]}},{"type":"Feature","properties":{"nombre":"Alperovich II","id":12,"tipo":"Barrio","distrito":"Distrito 9","circuito":"17A","hectareas":13.059},"geometry":{"type":"MultiPolygon","coordinates":[[[[-65.264424,-26.815616],[-65.264326,-26.814962],[-65.264142,-26.813728],[-65.263868,-26.811445],[-65.259405,-26.812254],[-65.259441,-26.812624],[-65.260858,-26.812426],[-65.261105,-26.813992],[-65.261517,-26.816579],[-65.264509,-26.816017],[-65.264424,-26.815616]]]]}},{"type":"Feature","properties":{"nombre":"Bajo Hondo","id":49,"tipo":"Barrio","distrito":"Distrito 9","circuito":"17A","hectareas":55.262},"geometry":{"type":"MultiPolygon","coordinates":[[[[-65.249777,-26.815867],[-65.249777,-26.815867],[-65.249777,-26.815867],[-65.249777,-26.815867]]],[[[-65.252863,-26.816477],[-65.253761,-26.820432],[-65.256357,-26.819982],[-65.256633,-26.819935],[-65.258245,-26.819625],[-65.265012,-26.818392],[-65.264758,-26.817193],[-65.264723,-26.817027],[-65.264505,-26.816018],[-65.261517,-26.816579],[-65.261105,-26.813992],[-65.259599,-26.814238],[-65.259958,-26.815568],[-65.260256,-26.816825],[-65.260506,-26.81787],[-65.259191,-26.818123],[-65.258943,-26.817067],[-65.257799,-26.817279],[-65.257495,-26.816007],[-65.257234,-26.814669],[-65.257233,-26.814667],[-65.257233,-26.814667],[-65.256143,-26.814898],[-65.255807,-26.813342],[-65.255613,-26.813287],[-65.25228,-26.813956],[-65.252647,-26.815393],[-65.249777,-26.815867],[-65.250039,-26.817018],[-65.252863,-26.816477]]],[[[-65.252269,-26.81396],[-65.25228,-26.813956],[-65.252269,-26.81396],[-65.252269,-26.81396]]]]}},{"type":"Feature","properties":{"nombre":"Lola Mora II","id":138,"tipo":"Barrio","distrito":"Distrito 9","circuito":"17A","hectareas":3.695},"geometry":{"type":"MultiPolygon","coordinates":[[[[-65.259599,-26.814238],[-65.258224,-26.814487],[-65.257234,-26.814669],[-65.257495,-26.816007],[-65.259955,-26.815568],[-65.259599,-26.814238]]]]}},{"type":"Feature","properties":{"nombre":"Agua y Energia","id":6,"tipo":"Barrio","distrito":"Distrito 9","circuito":"17A","hectareas":4.276},"geometry":{"type":"MultiPolygon","coordinates":[[[[-65.249777,-26.815867],[-65.252647,-26.815393],[-65.25228,-26.813956],[-65.252269,-26.81396],[-65.250912,-26.814357],[-65.249499,-26.814602],[-65.249777,-26.815867]]]]}},{"type":"Feature","properties":{"nombre":"Aconquija","id":1,"tipo":"Barrio","distrito":"Distrito 9","circuito":"17A","hectareas":12.885},"geometry":{"type":"MultiPolygon","coordinates":[[[[-65.250039,-26.817018],[-65.250563,-26.819493],[-65.250796,-26.820247],[-65.250978,-26.820959],[-65.251234,-26.820926],[-65.253761,-26.820432],[-65.252863,-26.816477],[-65.250039,-26.817018]]]]}},{"type":"Feature","properties":{"nombre":"Parque Guillermina (Oeste)","id":182,"tipo":"Barrio","distrito":"Distrito 9","circuito":"17A","hectareas":27.559},"geometry":{"type":"MultiPolygon","coordinates":[[[[-65.260329,-26.822136],[-65.261894,-26.821862],[-65.262744,-26.821712],[-65.26288,-26.822296],[-65.262867,-26.822385],[-65.262887,-26.822494],[-65.262976,-26.822982],[-65.264839,-26.822624],[-65.26549,-26.824898],[-65.265692,-26.825607],[-65.265978,-26.825519],[-65.266191,-26.826407],[-65.266265,-26.826457],[-65.266311,-26.826382],[-65.266396,-26.826244],[-65.266547,-26.825999],[-65.266624,-26.82574],[-65.266675,-26.825565],[-65.266698,-26.825486],[-65.266815,-26.825089],[-65.266849,-26.824975],[-65.26685,-26.824969],[-65.266579,-26.824126],[-65.266305,-26.823272],[-65.265816,-26.82173],[-65.26566,-26.821085],[-65.265348,-26.819789],[-65.265012,-26.818392],[-65.258245,-26.819625],[-65.258819,-26.822401],[-65.260329,-26.822136]]]]}},{"type":"Feature","properties":{"nombre":"Ojo de Agua","id":175,"tipo":"Barrio","distrito":"Distrito 9","circuito":"17A","hectareas":4.809},"geometry":{"type":"MultiPolygon","coordinates":[[[[-65.254502,-26.8232],[-65.254786,-26.824411],[-65.256212,-26.824159],[-65.256572,-26.825679],[-65.257008,-26.825599],[-65.256881,-26.824981],[-65.256638,-26.82369],[-65.256414,-26.823724],[-65.25585,-26.821114],[-65.255097,-26.821276],[-65.255494,-26.823029],[-65.254502,-26.8232]]]]}},{"type":"Feature","properties":{"nombre":"Guemes","id":111,"tipo":"Barrio","distrito":"Distrito 9","circuito":"17","hectareas":27.398},"geometry":{"type":"MultiPolygon","coordinates":[[[[-65.242759,-26.81465],[-65.241938,-26.810667],[-65.240488,-26.811027],[-65.238256,-26.811517],[-65.238439,-26.812256],[-65.238562,-26.812723],[-65.23949,-26.816623],[-65.239295,-26.816732],[-65.239564,-26.818023],[-65.242731,-26.817386],[-65.243401,-26.817251],[-65.243041,-26.8159],[-65.242759,-26.81465]]]]}},{"type":"Feature","properties":{"nombre":"Ingema","id":115,"tipo":"Barrio","distrito":"Distrito 9","circuito":"16","hectareas":2.8},"geometry":{"type":"MultiPolygon","coordinates":[[[[-65.244725,-26.808249],[-65.241779,-26.808801],[-65.241839,-26.809641],[-65.244904,-26.809054],[-65.244725,-26.808249]]]]}},{"type":"Feature","properties":{"nombre":"Villa Lujan","id":486,"tipo":"Barrio","distrito":"Distrito 9","circuito":"17","hectareas":118.323},"geometry":{"type":"MultiPolygon","coordinates":[[[[-65.231994,-26.824206],[-65.23215,-26.825113],[-65.23215,-26.825113],[-65.232447,-26.825048],[-65.241166,-26.823129],[-65.240361,-26.820198],[-65.239778,-26.81798],[-65.239564,-26.818023],[-65.239295,-26.816732],[-65.23949,-26.816623],[-65.238562,-26.812723],[-65.238256,-26.811517],[-65.229202,-26.813355],[-65.22979,-26.814549],[-65.230494,-26.816993],[-65.230822,-26.818243],[-65.23135,-26.820693],[-65.23162,-26.822072],[-65.23177,-26.823183],[-65.231781,-26.823268],[-65.231982,-26.824155],[-65.231994,-26.824206]]]]}},{"type":"Feature","properties":{"nombre":"SITRAVI II","id":465,"tipo":"Barrio","distrito":"Distrito 9","circuito":"17","hectareas":4.252},"geometry":{"type":"MultiPolygon","coordinates":[[[[-65.242759,-26.81465],[-65.243041,-26.8159],[-65.245948,-26.815313],[-65.245613,-26.814014],[-65.242759,-26.81465]]]]}},{"type":"Feature","properties":{"nombre":"Belgrano","id":52,"tipo":"Barrio","distrito":"Distrito 9","circuito":"18","hectareas":25.076},"geometry":{"type":"MultiPolygon","coordinates":[[[[-65.246007,-26.822066],[-65.247168,-26.826344],[-65.250159,-26.825701],[-65.2522,-26.825263],[-65.250978,-26.820959],[-65.246007,-26.822066]]]]}},{"type":"Feature","properties":{"nombre":"Torres Casino","id":475,"tipo":"Barrio","distrito":"Distrito 9","circuito":"17","hectareas":1.994},"geometry":{"type":"MultiPolygon","coordinates":[[[[-65.244263,-26.818737],[-65.24418,-26.818589],[-65.243401,-26.817251],[-65.242741,-26.817384],[-65.243295,-26.81929],[-65.244341,-26.819073],[-65.244263,-26.818737]]]]}},{"type":"Feature","properties":{"nombre":"Mercantil","id":153,"tipo":"Barrio","distrito":"Distrito 9","circuito":"17","hectareas":3.326},"geometry":{"type":"MultiPolygon","coordinates":[[[[-65.248044,-26.820034],[-65.247589,-26.818572],[-65.247439,-26.81809],[-65.24726,-26.817512],[-65.246201,-26.817708],[-65.246376,-26.818396],[-65.246847,-26.82027],[-65.248044,-26.820034]]]]}},{"type":"Feature","properties":{"nombre":"San Carlos","id":427,"tipo":"Barrio","distrito":"Distrito 9","circuito":"18","hectareas":77.511},"geometry":{"type":"MultiPolygon","coordinates":[[[[-65.2522,-26.825263],[-65.250082,-26.825718],[-65.247168,-26.826344],[-65.246007,-26.822066],[-65.243506,-26.822615],[-65.243972,-26.824445],[-65.244637,-26.824306],[-65.244364,-26.823423],[-65.245242,-26.82325],[-65.245761,-26.825146],[-65.244234,-26.825459],[-65.244632,-26.826855],[-65.244327,-26.826907],[-65.24439,-26.82718],[-65.246582,-26.826752],[-65.246985,-26.828632],[-65.244824,-26.829036],[-65.244895,-26.82934],[-65.243046,-26.82989],[-65.243695,-26.832209],[-65.245973,-26.831809],[-65.24685,-26.835423],[-65.24685,-26.835424],[-65.247149,-26.835367],[-65.251842,-26.834474],[-65.251582,-26.833471],[-65.25129,-26.832346],[-65.250898,-26.830834],[-65.253614,-26.830298],[-65.253225,-26.828915],[-65.252902,-26.827764],[-65.2522,-26.825263]]]]}},{"type":"Feature","properties":{"nombre":"Alperovich I","id":11,"tipo":"Barrio","distrito":"Distrito 9","circuito":"18","hectareas":2.678},"geometry":{"type":"MultiPolygon","coordinates":[[[[-65.244234,-26.825459],[-65.245761,-26.825146],[-65.245242,-26.82325],[-65.244364,-26.823423],[-65.244637,-26.824306],[-65.243972,-26.824445],[-65.244234,-26.825459]]]]}},{"type":"Feature","properties":{"nombre":"Gente de Prensa","id":110,"tipo":"Barrio","distrito":"Distrito 9","circuito":"18","hectareas":5.689},"geometry":{"type":"MultiPolygon","coordinates":[[[[-65.243364,-26.829795],[-65.244895,-26.82934],[-65.244327,-26.826907],[-65.242331,-26.827248],[-65.242683,-26.828551],[-65.242987,-26.829675],[-65.243045,-26.82989],[-65.243364,-26.829795]]]]}},{"type":"Feature","properties":{"nombre":"Ciudadela","id":69,"tipo":"Barrio","distrito":"Distrito 10","circuito":"8A","hectareas":197.842},"geometry":{"type":"MultiPolygon","coordinates":[[[[-65.234429,-26.833979],[-65.233145,-26.828873],[-65.232489,-26.826392],[-65.23215,-26.825113],[-65.229169,-26.825794],[-65.224419,-26.826879],[-65.218615,-26.828204],[-65.221476,-26.840449],[-65.228513,-26.839073],[-65.234206,-26.837959],[-65.235399,-26.837689],[-65.234448,-26.834051],[-65.234448,-26.834051],[-65.234429,-26.833979]]]]}},{"type":"Feature","properties":{"nombre":"Lincoln","id":136,"tipo":"Barrio","distrito":"Distrito 13","circuito":"18C","hectareas":51.437},"geometry":{"type":"MultiPolygon","coordinates":[[[[-65.256521,-26.834838],[-65.257239,-26.836454],[-65.257349,-26.836291],[-65.257353,-26.836286],[-65.257377,-26.836249],[-65.257521,-26.836036],[-65.257521,-26.836035],[-65.257521,-26.836035],[-65.257528,-26.836025],[-65.257528,-26.836025],[-65.257528,-26.836025],[-65.257547,-26.835996],[-65.257582,-26.835944],[-65.257585,-26.83594],[-65.257591,-26.835931],[-65.257591,-26.835931],[-65.257752,-26.835691],[-65.257752,-26.835691],[-65.257754,-26.835689],[-65.257754,-26.835689],[-65.257759,-26.835681],[-65.257762,-26.835677],[-65.257884,-26.835495],[-65.257891,-26.835486],[-65.257903,-26.835466],[-65.258451,-26.83474],[-65.258569,-26.834585],[-65.258785,-26.834228],[-65.257178,-26.834105],[-65.254495,-26.833973],[-65.254153,-26.834038],[-65.253929,-26.83408],[-65.253385,-26.834183],[-65.253245,-26.834209],[-65.252258,-26.834395],[-65.251842,-26.834474],[-65.249615,-26.834903],[-65.247149,-26.835367],[-65.24685,-26.835424],[-65.246768,-26.835439],[-65.244682,-26.835831],[-65.244891,-26.836646],[-65.244891,-26.836646],[-65.244777,-26.836669],[-65.243972,-26.836826],[-65.244058,-26.837642],[-65.244058,-26.837642],[-65.245616,-26.837374],[-65.2464,-26.837239],[-65.246567,-26.838098],[-65.246711,-26.838845],[-65.24705,-26.841564],[-65.247815,-26.841432],[-65.249386,-26.841343],[-65.250249,-26.841295],[-65.252606,-26.841163],[-65.252407,-26.840481],[-65.252211,-26.839807],[-65.252016,-26.839088],[-65.251895,-26.838641],[-65.251777,-26.838208],[-65.251273,-26.836347],[-65.25287,-26.835991],[-65.25287,-26.835991],[-65.253286,-26.835899],[-65.254184,-26.835699],[-65.254879,-26.835544],[-65.255508,-26.8352],[-65.256521,-26.834838]]],[[[-65.244058,-26.837642],[-65.244058,-26.837642],[-65.244058,-26.837642],[-65.244058,-26.837642]]]]}},{"type":"Feature","properties":{"nombre":"Ampliacion Ciudadela","id":19,"tipo":"Barrio","distrito":"Distrito 9","circuito":"18","hectareas":27.127},"geometry":{"type":"MultiPolygon","coordinates":[[[[-65.241592,-26.835835],[-65.240715,-26.832673],[-65.234429,-26.833979],[-65.235399,-26.837689],[-65.236983,-26.837354],[-65.240933,-26.836519],[-65.241735,-26.83635],[-65.241592,-26.835835]]]]}},{"type":"Feature","properties":{"nombre":"San Jose (Sur)","id":434,"tipo":"Barrio","distrito":"Distrito 9","circuito":"18","hectareas":21.672},"geometry":{"type":"MultiPolygon","coordinates":[[[[-65.242763,-26.836153],[-65.244679,-26.835817],[-65.246768,-26.835439],[-65.24685,-26.835424],[-65.24685,-26.835423],[-65.245973,-26.831809],[-65.243695,-26.832209],[-65.240715,-26.832673],[-65.241735,-26.83635],[-65.242763,-26.836153]]]]}},{"type":"Feature","properties":{"nombre":"24 de Setiembre","id":386,"tipo":"Barrio","distrito":"Distrito 13","circuito":"18D","hectareas":48.414},"geometry":{"type":"MultiPolygon","coordinates":[[[[-65.244058,-26.837642],[-65.243972,-26.836826],[-65.238914,-26.837814],[-65.238718,-26.836988],[-65.237937,-26.837153],[-65.236983,-26.837354],[-65.234206,-26.837959],[-65.235773,-26.843416],[-65.236757,-26.843198],[-65.237087,-26.843584],[-65.24283,-26.842358],[-65.242167,-26.837934],[-65.244058,-26.837642]]]]}},{"type":"Feature","properties":{"nombre":"El Parque","id":95,"tipo":"Barrio","distrito":"Distrito 11","circuito":"11A","hectareas":24.781},"geometry":{"type":"MultiPolygon","coordinates":[[[[-65.181062,-26.835632],[-65.179694,-26.829904],[-65.175705,-26.83068],[-65.176789,-26.834951],[-65.177643,-26.834835],[-65.178019,-26.836281],[-65.181062,-26.835632]]]]}},{"type":"Feature","properties":{"nombre":"Costanera norte","id":78,"tipo":"Barrio","distrito":"Distrito 11","circuito":"11A","hectareas":13.244},"geometry":{"type":"MultiPolygon","coordinates":[[[[-65.171159,-26.828746],[-65.170845,-26.827663],[-65.170754,-26.827381],[-65.170639,-26.826988],[-65.170464,-26.826453],[-65.169862,-26.826049],[-65.16955,-26.825839],[-65.168987,-26.825477],[-65.168805,-26.825204],[-65.168794,-26.825187],[-65.168436,-26.825344],[-65.168422,-26.825352],[-65.16841,-26.825358],[-65.168104,-26.825489],[-65.167624,-26.825754],[-65.167173,-26.825991],[-65.167535,-26.826445],[-65.167714,-26.826741],[-65.168525,-26.827877],[-65.168863,-26.828365],[-65.169695,-26.829592],[-65.169834,-26.829967],[-65.170055,-26.83023],[-65.170399,-26.830349],[-65.170832,-26.830388],[-65.171922,-26.831979],[-65.172593,-26.83171],[-65.172518,-26.831593],[-65.172518,-26.831593],[-65.172341,-26.831321],[-65.172211,-26.831165],[-65.172032,-26.830952],[-65.171455,-26.829794],[-65.171081,-26.829221],[-65.171159,-26.828746]]]]}},{"type":"Feature","properties":{"nombre":"Rosello","id":419,"tipo":"Barrio","distrito":"Distrito 11","circuito":"11A","hectareas":3.034},"geometry":{"type":"MultiPolygon","coordinates":[[[[-65.175886,-26.835163],[-65.175755,-26.83455],[-65.175612,-26.833876],[-65.175427,-26.833912],[-65.174364,-26.834119],[-65.173379,-26.834336],[-65.173995,-26.835527],[-65.175886,-26.835163]]]]}},{"type":"Feature","properties":{"nombre":"San Marco","id":440,"tipo":"Barrio","distrito":"Distrito 11","circuito":"10","hectareas":10.743},"geometry":{"type":"MultiPolygon","coordinates":[[[[-65.181211,-26.836451],[-65.181062,-26.835632],[-65.178019,-26.836281],[-65.178348,-26.837967],[-65.177547,-26.838137],[-65.177821,-26.839322],[-65.178797,-26.839149],[-65.180148,-26.838886],[-65.180087,-26.83851],[-65.181266,-26.838287],[-65.181619,-26.83807],[-65.181211,-26.836451]]]]}},{"type":"Feature","properties":{"nombre":"San Martin (Este)","id":441,"tipo":"Barrio","distrito":"Distrito 11","circuito":"10","hectareas":4.845},"geometry":{"type":"MultiPolygon","coordinates":[[[[-65.181062,-26.835632],[-65.181211,-26.836451],[-65.182169,-26.836255],[-65.182517,-26.837918],[-65.181619,-26.83807],[-65.181703,-26.838596],[-65.183272,-26.838317],[-65.183196,-26.837894],[-65.183189,-26.837859],[-65.183188,-26.837851],[-65.183295,-26.837838],[-65.18364,-26.837799],[-65.183502,-26.837215],[-65.183044,-26.835271],[-65.181062,-26.835632]]]]}},{"type":"Feature","properties":{"nombre":"Patria","id":410,"tipo":"Barrio","distrito":"Distrito 11","circuito":"10","hectareas":1.75},"geometry":{"type":"MultiPolygon","coordinates":[[[[-65.181211,-26.836451],[-65.181619,-26.83807],[-65.182517,-26.837918],[-65.182169,-26.836255],[-65.181211,-26.836451]]]]}},{"type":"Feature","properties":{"nombre":"Sarmiento","id":461,"tipo":"Barrio","distrito":"Distrito 11","circuito":"10","hectareas":8.448},"geometry":{"type":"MultiPolygon","coordinates":[[[[-65.182272,-26.841212],[-65.185106,-26.840666],[-65.185107,-26.840666],[-65.185099,-26.840628],[-65.184905,-26.839768],[-65.184514,-26.838018],[-65.184157,-26.838104],[-65.183276,-26.838316],[-65.181703,-26.838595],[-65.181864,-26.839246],[-65.182272,-26.841212]]]]}},{"type":"Feature","properties":{"nombre":"Eucaliptus","id":99,"tipo":"Barrio","distrito":"Distrito 11","circuito":"10","hectareas":2.705},"geometry":{"type":"MultiPolygon","coordinates":[[[[-65.190249,-26.84513],[-65.190125,-26.844668],[-65.190066,-26.844448],[-65.188403,-26.844933],[-65.186566,-26.845468],[-65.186566,-26.845471],[-65.186574,-26.845812],[-65.186372,-26.846024],[-65.186079,-26.846231],[-65.186023,-26.84627],[-65.186037,-26.846266],[-65.187668,-26.845815],[-65.188061,-26.845699],[-65.189373,-26.845309],[-65.189949,-26.845137],[-65.190036,-26.845198],[-65.190249,-26.84513]]]]}},{"type":"Feature","properties":{"nombre":"Lola Mora I","id":137,"tipo":"Barrio","distrito":"Distrito 11","circuito":"10","hectareas":12.516},"geometry":{"type":"MultiPolygon","coordinates":[[[[-65.186325,-26.846911],[-65.186953,-26.8489],[-65.190931,-26.847722],[-65.190036,-26.845198],[-65.189949,-26.845137],[-65.189373,-26.845309],[-65.188061,-26.845699],[-65.186021,-26.846285],[-65.186126,-26.846595],[-65.186325,-26.846911]]]]}},{"type":"Feature","properties":{"nombre":"Presidente Peron","id":415,"tipo":"Barrio","distrito":"Distrito 12","circuito":"18B","hectareas":13.395},"geometry":{"type":"MultiPolygon","coordinates":[[[[-65.261604,-26.840356],[-65.262821,-26.840135],[-65.262621,-26.838865],[-65.262435,-26.83767],[-65.262311,-26.836876],[-65.262303,-26.836878],[-65.262298,-26.836846],[-65.259825,-26.837293],[-65.258567,-26.837504],[-65.258563,-26.837504],[-65.259355,-26.840763],[-65.261007,-26.840464],[-65.261317,-26.840407],[-65.261604,-26.840356]]]]}},{"type":"Feature","properties":{"nombre":"Santa Marta","id":456,"tipo":"Barrio","distrito":"Distrito 17","circuito":"18G","hectareas":4.064},"geometry":{"type":"MultiPolygon","coordinates":[[[[-65.261289,-26.847938],[-65.261871,-26.85037],[-65.262099,-26.850438],[-65.263293,-26.850205],[-65.262986,-26.848919],[-65.262682,-26.847677],[-65.261289,-26.847938]]]]}},{"type":"Feature","properties":{"nombre":"Ciudad Jardin","id":67,"tipo":"Barrio","distrito":"Distrito 13","circuito":"18E","hectareas":24.914},"geometry":{"type":"MultiPolygon","coordinates":[[[[-65.247121,-26.841849],[-65.24705,-26.841564],[-65.243933,-26.842151],[-65.24283,-26.842358],[-65.237087,-26.843584],[-65.237748,-26.844839],[-65.237811,-26.845067],[-65.237992,-26.845718],[-65.238296,-26.846811],[-65.242806,-26.845899],[-65.242271,-26.843919],[-65.247074,-26.842969],[-65.247386,-26.842909],[-65.247219,-26.842239],[-65.245381,-26.842606],[-65.24529,-26.842206],[-65.247121,-26.841849]]]]}},{"type":"Feature","properties":{"nombre":"Ejercito Argentino","id":84,"tipo":"Barrio","distrito":"Distrito 13","circuito":"18E","hectareas":68.757},"geometry":{"type":"MultiPolygon","coordinates":[[[[-65.249012,-26.850361],[-65.248123,-26.84701],[-65.248122,-26.847009],[-65.247954,-26.846362],[-65.247408,-26.844262],[-65.247269,-26.843683],[-65.247269,-26.843683],[-65.247162,-26.843266],[-65.247086,-26.842969],[-65.242271,-26.843919],[-65.242806,-26.845899],[-65.238296,-26.846811],[-65.23855,-26.848012],[-65.238752,-26.848968],[-65.239046,-26.849594],[-65.24024,-26.852133],[-65.244219,-26.851331],[-65.245232,-26.851125],[-65.247483,-26.85067],[-65.249012,-26.850361]]]]}},{"type":"Feature","properties":{"nombre":"Victoria","id":481,"tipo":"Barrio","distrito":"Distrito 14","circuito":"19","hectareas":106.239},"geometry":{"type":"MultiPolygon","coordinates":[[[[-65.226924,-26.845073],[-65.222747,-26.84594],[-65.22372,-26.849999],[-65.224367,-26.852696],[-65.228822,-26.851865],[-65.232542,-26.85117],[-65.234294,-26.850846],[-65.235748,-26.850572],[-65.236058,-26.851845],[-65.23776,-26.851566],[-65.23736,-26.849945],[-65.2372,-26.849296],[-65.235471,-26.849658],[-65.235309,-26.849177],[-65.233901,-26.849506],[-65.233573,-26.848154],[-65.23666,-26.847518],[-65.236886,-26.848359],[-65.23855,-26.848012],[-65.238296,-26.846811],[-65.237992,-26.845718],[-65.235827,-26.846159],[-65.235707,-26.84551],[-65.236253,-26.84539],[-65.237811,-26.845067],[-65.237748,-26.844839],[-65.237506,-26.844379],[-65.237087,-26.843584],[-65.236757,-26.843198],[-65.235773,-26.843416],[-65.227344,-26.844994],[-65.226924,-26.845073]]]]}},{"type":"Feature","properties":{"nombre":"San Mateo","id":444,"tipo":"Barrio","distrito":"Distrito 13","circuito":"18C","hectareas":8.443},"geometry":{"type":"MultiPolygon","coordinates":[[[[-65.251089,-26.846438],[-65.251089,-26.846438],[-65.250679,-26.846496],[-65.249138,-26.846806],[-65.248123,-26.84701],[-65.249012,-26.850361],[-65.250286,-26.850088],[-65.250392,-26.849807],[-65.250547,-26.849401],[-65.250849,-26.848625],[-65.2509,-26.848494],[-65.251053,-26.848086],[-65.251816,-26.846335],[-65.251089,-26.846438]]]]}},{"type":"Feature","properties":{"nombre":"S.E.O.C.","id":420,"tipo":"Barrio","distrito":"Distrito 13","circuito":"18E","hectareas":13.998},"geometry":{"type":"MultiPolygon","coordinates":[[[[-65.244829,-26.853772],[-65.245867,-26.853584],[-65.245867,-26.853582],[-65.245323,-26.851477],[-65.245232,-26.851125],[-65.24024,-26.852133],[-65.240347,-26.852593],[-65.240628,-26.853834],[-65.240782,-26.854507],[-65.24152,-26.854367],[-65.242843,-26.854117],[-65.244829,-26.853772]]]]}},{"type":"Feature","properties":{"nombre":"Ampliacion 17 de Agosto","id":17,"tipo":"Barrio","distrito":"Distrito 13","circuito":"18E","hectareas":1.458},"geometry":{"type":"MultiPolygon","coordinates":[[[[-65.242599,-26.855164],[-65.242844,-26.855107],[-65.24304,-26.85506],[-65.24297,-26.854726],[-65.242909,-26.854434],[-65.242843,-26.854117],[-65.24152,-26.854367],[-65.241757,-26.855364],[-65.242299,-26.855235],[-65.242599,-26.855164]]]]}},{"type":"Feature","properties":{"nombre":"El Cruce","id":87,"tipo":"Barrio","distrito":"Distrito 14","circuito":"9A","hectareas":17.984},"geometry":{"type":"MultiPolygon","coordinates":[[[[-65.219901,-26.846486],[-65.222747,-26.84594],[-65.221476,-26.840449],[-65.21861,-26.841062],[-65.219901,-26.846486]]]]}},{"type":"Feature","properties":{"nombre":"Avenida","id":48,"tipo":"Barrio","distrito":"Distrito 14","circuito":"9A","hectareas":9.924},"geometry":{"type":"MultiPolygon","coordinates":[[[[-65.22372,-26.849999],[-65.222747,-26.84594],[-65.2205,-26.846371],[-65.221074,-26.849105],[-65.221632,-26.848984],[-65.221923,-26.850361],[-65.22372,-26.849999]]]]}},{"type":"Feature","properties":{"nombre":"COPIAT II","id":77,"tipo":"Barrio","distrito":"Distrito 14","circuito":"19","hectareas":4.693},"geometry":{"type":"MultiPolygon","coordinates":[[[[-65.232903,-26.852449],[-65.236058,-26.851845],[-65.235748,-26.850572],[-65.232542,-26.85117],[-65.232903,-26.852449]]]]}},{"type":"Feature","properties":{"nombre":"Santa Rita","id":457,"tipo":"Barrio","distrito":"Distrito 14","circuito":"19","hectareas":8.691},"geometry":{"type":"MultiPolygon","coordinates":[[[[-65.238046,-26.85281],[-65.23776,-26.851566],[-65.236058,-26.851845],[-65.231876,-26.852645],[-65.232161,-26.853942],[-65.238046,-26.85281]]]]}},{"type":"Feature","properties":{"nombre":"Los Vazquez I","id":147,"tipo":"Barrio","distrito":"Distrito 14","circuito":"20","hectareas":20.234},"geometry":{"type":"MultiPolygon","coordinates":[[[[-65.224161,-26.855486],[-65.226349,-26.855075],[-65.227074,-26.854935],[-65.226775,-26.853514],[-65.226519,-26.852295],[-65.224367,-26.852696],[-65.22372,-26.849999],[-65.221923,-26.850361],[-65.220939,-26.850538],[-65.221814,-26.853994],[-65.223235,-26.853732],[-65.223354,-26.854227],[-65.223519,-26.854908],[-65.22368,-26.855577],[-65.224161,-26.855486],[-65.224161,-26.855486]]]]}},{"type":"Feature","properties":{"nombre":"SUTIAGA","id":469,"tipo":"Barrio","distrito":"Distrito 14","circuito":"19A","hectareas":7.577},"geometry":{"type":"MultiPolygon","coordinates":[[[[-65.24041,-26.856646],[-65.240085,-26.855224],[-65.235518,-26.856055],[-65.235797,-26.857519],[-65.24041,-26.856646]]]]}},{"type":"Feature","properties":{"nombre":"Sargento Lai","id":460,"tipo":"Barrio","distrito":"Distrito 15","circuito":"20","hectareas":8.744},"geometry":{"type":"MultiPolygon","coordinates":[[[[-65.220939,-26.850538],[-65.218285,-26.851076],[-65.218285,-26.851076],[-65.21896,-26.852305],[-65.219286,-26.853073],[-65.219463,-26.853725],[-65.220158,-26.853866],[-65.220473,-26.853955],[-65.221087,-26.854129],[-65.221907,-26.854362],[-65.220939,-26.850538]]]]}},{"type":"Feature","properties":{"nombre":"Villa Alem","id":483,"tipo":"Barrio","distrito":"Distrito 15","circuito":"9","hectareas":194.077},"geometry":{"type":"MultiPolygon","coordinates":[[[[-65.219463,-26.853725],[-65.219286,-26.853073],[-65.21896,-26.852305],[-65.218285,-26.851076],[-65.220939,-26.850538],[-65.220598,-26.849161],[-65.218686,-26.849595],[-65.217562,-26.84985],[-65.217205,-26.848435],[-65.218277,-26.848215],[-65.2203,-26.847799],[-65.219901,-26.846486],[-65.218594,-26.841034],[-65.206577,-26.843422],[-65.200577,-26.844583],[-65.200649,-26.845001],[-65.200649,-26.845004],[-65.199561,-26.845252],[-65.200489,-26.849098],[-65.200993,-26.851185],[-65.201154,-26.851853],[-65.201558,-26.853528],[-65.215783,-26.850137],[-65.215783,-26.850137],[-65.216667,-26.852867],[-65.217093,-26.854182],[-65.219463,-26.853725]]]]}},{"type":"Feature","properties":{"nombre":"Judicial","id":124,"tipo":"Barrio","distrito":"Distrito 15","circuito":"20","hectareas":16.275},"geometry":{"type":"MultiPolygon","coordinates":[[[[-65.21791,-26.856697],[-65.217903,-26.856677],[-65.217909,-26.856695],[-65.218229,-26.857494],[-65.218267,-26.857588],[-65.218486,-26.857538],[-65.218635,-26.856797],[-65.218707,-26.856438],[-65.21877,-26.856288],[-65.218834,-26.856137],[-65.218924,-26.855922],[-65.219062,-26.855654],[-65.219117,-26.855546],[-65.219227,-26.85533],[-65.219795,-26.85518],[-65.219715,-26.854848],[-65.21947,-26.853733],[-65.219463,-26.853725],[-65.217091,-26.854182],[-65.217091,-26.854183],[-65.213743,-26.854877],[-65.214335,-26.857489],[-65.21791,-26.856697]]]]}},{"type":"Feature","properties":{"nombre":"Villa Amalia","id":484,"tipo":"Barrio","distrito":"Distrito 15","circuito":"20","hectareas":82.446},"geometry":{"type":"MultiPolygon","coordinates":[[[[-65.213939,-26.857559],[-65.211168,-26.858044],[-65.210611,-26.855586],[-65.213743,-26.854877],[-65.217093,-26.854182],[-65.216667,-26.852867],[-65.213526,-26.853581],[-65.210308,-26.854284],[-65.207175,-26.855065],[-65.205678,-26.855191],[-65.204382,-26.855472],[-65.202603,-26.855852],[-65.204888,-26.859372],[-65.205735,-26.860673],[-65.206354,-26.861623],[-65.207094,-26.862838],[-65.212042,-26.861867],[-65.211723,-26.860542],[-65.211548,-26.859711],[-65.21187,-26.859627],[-65.212261,-26.859525],[-65.212215,-26.859234],[-65.212192,-26.859095],[-65.21297,-26.858922],[-65.212928,-26.8587],[-65.21287,-26.858398],[-65.212803,-26.85804],[-65.213611,-26.857922],[-65.213663,-26.858164],[-65.213673,-26.858207],[-65.213689,-26.858294],[-65.213745,-26.858538],[-65.213789,-26.858744],[-65.214174,-26.858651],[-65.214705,-26.858524],[-65.214836,-26.85903],[-65.215266,-26.858936],[-65.215605,-26.859179],[-65.216052,-26.859286],[-65.216386,-26.859283],[-65.216386,-26.859283],[-65.216626,-26.859281],[-65.21713,-26.859217],[-65.217235,-26.859602],[-65.217673,-26.859469],[-65.218436,-26.859238],[-65.218837,-26.859117],[-65.219964,-26.858449],[-65.221128,-26.857956],[-65.221487,-26.857819],[-65.222033,-26.857612],[-65.222743,-26.857537],[-65.222597,-26.857119],[-65.222431,-26.856808],[-65.219718,-26.857277],[-65.218486,-26.857538],[-65.218267,-26.857588],[-65.218229,-26.857494],[-65.217909,-26.856695],[-65.214335,-26.857489],[-65.213939,-26.857559]]]]}},{"type":"Feature","properties":{"nombre":"San Alberto","id":424,"tipo":"Barrio","distrito":"Distrito 19","circuito":"21","hectareas":19.074},"geometry":{"type":"MultiPolygon","coordinates":[[[[-65.223366,-26.873956],[-65.224772,-26.873703],[-65.226044,-26.873473],[-65.224938,-26.871911],[-65.224596,-26.871311],[-65.223622,-26.870133],[-65.227604,-26.869571],[-65.227863,-26.870884],[-65.228249,-26.870829],[-65.22915,-26.870699],[-65.229217,-26.870689],[-65.229595,-26.870665],[-65.229594,-26.870646],[-65.22956,-26.869308],[-65.229599,-26.868533],[-65.221653,-26.869589],[-65.222149,-26.871268],[-65.223366,-26.873956]]]]}},{"type":"Feature","properties":{"nombre":"Parodi","id":179,"tipo":"Barrio","distrito":"Distrito 19","circuito":"21","hectareas":27.528},"geometry":{"type":"MultiPolygon","coordinates":[[[[-65.217923,-26.867062],[-65.213415,-26.867883],[-65.210832,-26.868318],[-65.212759,-26.871257],[-65.219915,-26.869914],[-65.221653,-26.869589],[-65.221137,-26.866477],[-65.217923,-26.867062]],[[-65.214176,-26.870989],[-65.21281,-26.871191],[-65.210944,-26.868355],[-65.213431,-26.867951],[-65.214176,-26.870989]]]]}},{"type":"Feature","properties":{"nombre":"Villa Angelina","id":485,"tipo":"Barrio","distrito":"Distrito 19","circuito":"21","hectareas":25.299},"geometry":{"type":"MultiPolygon","coordinates":[[[[-65.212759,-26.871257],[-65.214282,-26.873556],[-65.214507,-26.873643],[-65.220909,-26.872426],[-65.220908,-26.872429],[-65.222535,-26.872123],[-65.222149,-26.871268],[-65.221653,-26.869589],[-65.220452,-26.869814],[-65.212759,-26.871257]]]]}},{"type":"Feature","properties":{"nombre":"Ampliacion Alejandro Heredia","id":31,"tipo":"Barrio","distrito":"Distrito 20","circuito":"21","hectareas":22.681},"geometry":{"type":"MultiPolygon","coordinates":[[[[-65.21519,-26.874856],[-65.214487,-26.873703],[-65.214507,-26.873643],[-65.21429,-26.873565],[-65.214197,-26.873431],[-65.212295,-26.87387],[-65.212441,-26.87421],[-65.213664,-26.876257],[-65.214528,-26.877704],[-65.215753,-26.879756],[-65.216624,-26.880982],[-65.217753,-26.882572],[-65.219538,-26.881753],[-65.217951,-26.879321],[-65.217483,-26.878489],[-65.217104,-26.877959],[-65.216724,-26.877238],[-65.21519,-26.874856]]]]}},{"type":"Feature","properties":{"nombre":"Independencia II","id":114,"tipo":"Barrio","distrito":"Distrito 20","circuito":"22","hectareas":28.52},"geometry":{"type":"MultiPolygon","coordinates":[[[[-65.22113,-26.883893],[-65.221533,-26.884812],[-65.221808,-26.885592],[-65.221981,-26.88643],[-65.222103,-26.887095],[-65.227166,-26.886341],[-65.227526,-26.886287],[-65.227903,-26.886231],[-65.228676,-26.886116],[-65.228909,-26.886081],[-65.22901,-26.886066],[-65.229163,-26.886044],[-65.228145,-26.884008],[-65.227072,-26.881838],[-65.227024,-26.88174],[-65.22573,-26.882409],[-65.225729,-26.882409],[-65.22113,-26.883893]]]]}},{"type":"Feature","properties":{"nombre":"Hipodromo","id":112,"tipo":"Barrio","distrito":"Distrito 11","circuito":"10","hectareas":3.213},"geometry":{"type":"MultiPolygon","coordinates":[[[[-65.191421,-26.842971],[-65.191278,-26.842979],[-65.191321,-26.843168],[-65.191329,-26.843202],[-65.191467,-26.843811],[-65.191623,-26.844496],[-65.191598,-26.844694],[-65.191591,-26.844696],[-65.191196,-26.844823],[-65.190249,-26.84513],[-65.190036,-26.845198],[-65.190036,-26.845198],[-65.19089,-26.8476],[-65.19089,-26.8476],[-65.190931,-26.847722],[-65.191209,-26.847619],[-65.191248,-26.846793],[-65.191443,-26.846001],[-65.191798,-26.844565],[-65.191631,-26.84386],[-65.191465,-26.843156],[-65.191421,-26.842971]]]]}},{"type":"Feature","properties":{"nombre":"Alberdi","id":8,"tipo":"Barrio","distrito":"Distrito 16","circuito":"10A","hectareas":24.324},"geometry":{"type":"MultiPolygon","coordinates":[[[[-65.190995,-26.852546],[-65.19106,-26.851066],[-65.191082,-26.850569],[-65.187251,-26.851662],[-65.186586,-26.851896],[-65.186221,-26.852025],[-65.185834,-26.852161],[-65.185651,-26.852236],[-65.18536,-26.852328],[-65.185124,-26.852411],[-65.186412,-26.854143],[-65.186412,-26.854143],[-65.187224,-26.855235],[-65.187789,-26.855201],[-65.188322,-26.856532],[-65.190586,-26.856061],[-65.190843,-26.856009],[-65.190872,-26.855348],[-65.190955,-26.853462],[-65.190995,-26.852546]]]]}},{"type":"Feature","properties":{"nombre":"Ex Aeropuerto","id":102,"tipo":"Barrio","distrito":"Distrito 16","circuito":"10A","hectareas":8.839},"geometry":{"type":"MultiPolygon","coordinates":[[[[-65.191945,-26.847399],[-65.191209,-26.847619],[-65.191141,-26.849194],[-65.191095,-26.850254],[-65.191082,-26.850569],[-65.19106,-26.851066],[-65.191036,-26.851609],[-65.190982,-26.852841],[-65.190955,-26.853462],[-65.190929,-26.854052],[-65.190872,-26.855348],[-65.190843,-26.856009],[-65.191339,-26.855654],[-65.191435,-26.855393],[-65.191514,-26.854991],[-65.191564,-26.854836],[-65.191922,-26.854272],[-65.191982,-26.853339],[-65.192061,-26.852119],[-65.192134,-26.850987],[-65.192172,-26.850193],[-65.192175,-26.849514],[-65.192182,-26.847919],[-65.192149,-26.847613],[-65.191945,-26.847399]]]]}},{"type":"Feature","properties":{"nombre":"20 de Junio","id":384,"tipo":"Barrio","distrito":"Distrito 16","circuito":"10A","hectareas":8.907},"geometry":{"type":"MultiPolygon","coordinates":[[[[-65.198466,-26.847727],[-65.19808,-26.847461],[-65.197251,-26.848604],[-65.194739,-26.84928],[-65.194413,-26.849373],[-65.194189,-26.852844],[-65.194044,-26.853037],[-65.194455,-26.853283],[-65.196102,-26.851002],[-65.197272,-26.849381],[-65.198466,-26.847727]]]]}},{"type":"Feature","properties":{"nombre":"Ampliacion 20 de Junio","id":18,"tipo":"Barrio","distrito":"Distrito 16","circuito":"10A","hectareas":16.268},"geometry":{"type":"MultiPolygon","coordinates":[[[[-65.194405,-26.846796],[-65.193627,-26.847015],[-65.193091,-26.847363],[-65.192692,-26.847865],[-65.192627,-26.849102],[-65.192587,-26.849864],[-65.192572,-26.850145],[-65.192543,-26.85087],[-65.192515,-26.851564],[-65.192477,-26.852507],[-65.192428,-26.853745],[-65.192182,-26.854389],[-65.191713,-26.855056],[-65.191789,-26.855766],[-65.192395,-26.855654],[-65.192844,-26.855514],[-65.19343,-26.854702],[-65.194455,-26.853283],[-65.194044,-26.853037],[-65.194198,-26.852841],[-65.194219,-26.852379],[-65.19427,-26.85159],[-65.194365,-26.850129],[-65.194413,-26.849373],[-65.194739,-26.84928],[-65.194556,-26.847916],[-65.194515,-26.847618],[-65.194476,-26.847321],[-65.194405,-26.846796]]]]}},{"type":"Feature","properties":{"nombre":"Juan Pablo I","id":121,"tipo":"Barrio","distrito":"Distrito 16","circuito":"10A","hectareas":21.846},"geometry":{"type":"MultiPolygon","coordinates":[[[[-65.191209,-26.847619],[-65.190931,-26.847722],[-65.186953,-26.8489],[-65.184764,-26.849474],[-65.183493,-26.849808],[-65.184468,-26.851279],[-65.185124,-26.852411],[-65.185651,-26.852236],[-65.185834,-26.852161],[-65.186221,-26.852025],[-65.186586,-26.851896],[-65.187251,-26.851662],[-65.191082,-26.850569],[-65.191154,-26.848883],[-65.191209,-26.847619]]]]}},{"type":"Feature","properties":{"nombre":"Puerto Darwin","id":417,"tipo":"Barrio","distrito":"Distrito 16","circuito":"20","hectareas":9.956},"geometry":{"type":"MultiPolygon","coordinates":[[[[-65.201091,-26.858909],[-65.200086,-26.859152],[-65.196777,-26.859952],[-65.19716,-26.861153],[-65.197387,-26.861875],[-65.199821,-26.861353],[-65.201658,-26.860959],[-65.201429,-26.860346],[-65.201288,-26.859747],[-65.201091,-26.858909]]]]}},{"type":"Feature","properties":{"nombre":"Toledo","id":473,"tipo":"Barrio","distrito":"Distrito 16","circuito":"20","hectareas":7.281},"geometry":{"type":"MultiPolygon","coordinates":[[[[-65.20334,-26.856989],[-65.203108,-26.857087],[-65.203012,-26.856955],[-65.202353,-26.857087],[-65.202499,-26.857584],[-65.202584,-26.85787],[-65.202775,-26.858516],[-65.202417,-26.8586],[-65.202123,-26.858668],[-65.201442,-26.858827],[-65.201144,-26.858897],[-65.201091,-26.858909],[-65.201122,-26.85904],[-65.201429,-26.860346],[-65.202955,-26.85999],[-65.204622,-26.859573],[-65.204668,-26.859478],[-65.204888,-26.859372],[-65.204237,-26.858369],[-65.20334,-26.856989],[-65.20334,-26.856989]]]]}},{"type":"Feature","properties":{"nombre":"Ampliacion el Grafico","id":20,"tipo":"Barrio","distrito":"Distrito 15","circuito":"20","hectareas":6.645},"geometry":{"type":"MultiPolygon","coordinates":[[[[-65.220662,-26.865747],[-65.217901,-26.866279],[-65.216361,-26.866573],[-65.214816,-26.866877],[-65.213233,-26.867176],[-65.213415,-26.867883],[-65.213707,-26.86783],[-65.215144,-26.867568],[-65.216647,-26.867294],[-65.217411,-26.867155],[-65.218329,-26.866988],[-65.218956,-26.866874],[-65.220633,-26.866568],[-65.221137,-26.866477],[-65.221093,-26.866231],[-65.220995,-26.865683],[-65.220662,-26.865747]]]]}},{"type":"Feature","properties":{"nombre":"Capitan Viola","id":61,"tipo":"Barrio","distrito":"Distrito 15","circuito":"20","hectareas":13.267},"geometry":{"type":"MultiPolygon","coordinates":[[[[-65.212584,-26.864293],[-65.208909,-26.865074],[-65.208595,-26.864538],[-65.208351,-26.864624],[-65.209535,-26.866387],[-65.209725,-26.86667],[-65.21007,-26.867185],[-65.210479,-26.867793],[-65.210832,-26.868318],[-65.211879,-26.868141],[-65.213159,-26.867926],[-65.213415,-26.867883],[-65.213233,-26.867176],[-65.213059,-26.866406],[-65.212755,-26.865053],[-65.212584,-26.864293]]]]}},{"type":"Feature","properties":{"nombre":"Olleros","id":176,"tipo":"Barrio","distrito":"Distrito 15","circuito":"20","hectareas":10.224},"geometry":{"type":"MultiPolygon","coordinates":[[[[-65.22311,-26.856993],[-65.222597,-26.857119],[-65.222743,-26.857537],[-65.222195,-26.857595],[-65.222033,-26.857612],[-65.221128,-26.857956],[-65.220039,-26.858417],[-65.219964,-26.858449],[-65.218837,-26.859117],[-65.218955,-26.859533],[-65.219184,-26.860336],[-65.220476,-26.860083],[-65.221309,-26.859891],[-65.222127,-26.859697],[-65.222593,-26.859579],[-65.223102,-26.859471],[-65.223837,-26.859293],[-65.224313,-26.859178],[-65.224072,-26.85876],[-65.223808,-26.858273],[-65.223575,-26.858348],[-65.223211,-26.857603],[-65.223734,-26.857602],[-65.22311,-26.856993]]]]}},{"type":"Feature","properties":{"nombre":"Blas Victorio Conrero","id":160,"tipo":"Barrio","distrito":"Distrito 15","circuito":"20","hectareas":11.097},"geometry":{"type":"MultiPolygon","coordinates":[[[[-65.221907,-26.854362],[-65.221087,-26.854129],[-65.220473,-26.853955],[-65.21947,-26.853737],[-65.219603,-26.854379],[-65.219795,-26.85518],[-65.219227,-26.85533],[-65.219117,-26.855546],[-65.219062,-26.855654],[-65.219062,-26.855654],[-65.218924,-26.855922],[-65.218834,-26.856137],[-65.21877,-26.856288],[-65.218707,-26.856438],[-65.218635,-26.856797],[-65.218486,-26.857538],[-65.219614,-26.857299],[-65.222431,-26.856808],[-65.222597,-26.857119],[-65.22311,-26.856993],[-65.22239,-26.855697],[-65.222046,-26.854746],[-65.221938,-26.854449],[-65.221907,-26.854362]]]]}},{"type":"Feature","properties":{"nombre":"1° de Mayo (Vicente Haro)","id":381,"tipo":"Barrio","distrito":"Distrito 14","circuito":"19","hectareas":6.567},"geometry":{"type":"MultiPolygon","coordinates":[[[[-65.239046,-26.849594],[-65.23736,-26.849945],[-65.237545,-26.850695],[-65.23768,-26.851242],[-65.23776,-26.851566],[-65.238046,-26.85281],[-65.239581,-26.852519],[-65.240115,-26.852373],[-65.24024,-26.852133],[-65.240039,-26.851707],[-65.239046,-26.849594],[-65.239046,-26.849594],[-65.239046,-26.849594]]]]}},{"type":"Feature","properties":{"nombre":"Ampliacion Victoria","id":36,"tipo":"Barrio","distrito":"Distrito 14","circuito":"19","hectareas":8.678},"geometry":{"type":"MultiPolygon","coordinates":[[[[-65.23666,-26.847518],[-65.233614,-26.848149],[-65.233784,-26.848914],[-65.23392,-26.849503],[-65.235309,-26.849177],[-65.235471,-26.849658],[-65.2372,-26.849296],[-65.23736,-26.849945],[-65.23736,-26.849945],[-65.239046,-26.849594],[-65.238752,-26.848968],[-65.23855,-26.848012],[-65.236886,-26.848359],[-65.23666,-26.847518]]]]}},{"type":"Feature","properties":{"nombre":"San Francisco","id":432,"tipo":"Barrio","distrito":"Distrito 12","circuito":"18B","hectareas":57.292},"geometry":{"type":"MultiPolygon","coordinates":[[[[-65.261317,-26.840407],[-65.261007,-26.840464],[-65.259355,-26.840763],[-65.259579,-26.841472],[-65.259744,-26.842102],[-65.259751,-26.842127],[-65.259751,-26.842127],[-65.259925,-26.842745],[-65.259925,-26.842745],[-65.260095,-26.843435],[-65.260253,-26.844071],[-65.260253,-26.844071],[-65.260266,-26.844122],[-65.260411,-26.844709],[-65.260565,-26.844732],[-65.260702,-26.845336],[-65.260609,-26.845368],[-65.260745,-26.84601],[-65.260902,-26.845983],[-65.260902,-26.845983],[-65.26103,-26.846625],[-65.26103,-26.846625],[-65.261135,-26.847165],[-65.261135,-26.847166],[-65.261213,-26.847557],[-65.261289,-26.847938],[-65.262682,-26.847677],[-65.262682,-26.847677],[-65.263142,-26.847587],[-65.263389,-26.847538],[-65.263389,-26.847538],[-65.265349,-26.847131],[-65.265304,-26.846822],[-65.269625,-26.845945],[-65.269331,-26.845311],[-65.269065,-26.844693],[-65.269008,-26.844412],[-65.268859,-26.843676],[-65.268816,-26.843568],[-65.268756,-26.843417],[-65.268608,-26.843257],[-65.26826,-26.843147],[-65.267951,-26.842728],[-65.267906,-26.842458],[-65.267803,-26.842332],[-65.267577,-26.842214],[-65.267408,-26.842127],[-65.267049,-26.841821],[-65.267037,-26.84181],[-65.266883,-26.841679],[-65.266732,-26.84155],[-65.266503,-26.841355],[-65.265955,-26.841062],[-65.265747,-26.840951],[-65.265429,-26.840794],[-65.264706,-26.840437],[-65.264313,-26.840243],[-65.263886,-26.840033],[-65.26345,-26.839981],[-65.263425,-26.839984],[-65.262821,-26.840135],[-65.261604,-26.840356],[-65.261317,-26.840407]]]]}},{"type":"Feature","properties":{"nombre":"Santa Elena","id":455,"tipo":"Barrio","distrito":"Distrito 14","circuito":"19A","hectareas":6.685},"geometry":{"type":"MultiPolygon","coordinates":[[[[-65.24041,-26.856646],[-65.238976,-26.856917],[-65.237268,-26.857263],[-65.235797,-26.857519],[-65.235518,-26.856055],[-65.234339,-26.856269],[-65.234481,-26.857021],[-65.234617,-26.857757],[-65.2347,-26.858422],[-65.235228,-26.85835],[-65.236015,-26.858206],[-65.237404,-26.857949],[-65.237776,-26.857875],[-65.238171,-26.857813],[-65.240562,-26.857393],[-65.24041,-26.856646]]]]}},{"type":"Feature","properties":{"nombre":"Alvarez Condarco (Chañaritos)","id":15,"tipo":"Barrio","distrito":"Distrito 14","circuito":"20","hectareas":11.74},"geometry":{"type":"MultiPolygon","coordinates":[[[[-65.227049,-26.858296],[-65.225094,-26.858742],[-65.225971,-26.859485],[-65.226587,-26.860007],[-65.227213,-26.860537],[-65.22773,-26.861073],[-65.228046,-26.86144],[-65.228278,-26.861731],[-65.228641,-26.862337],[-65.228641,-26.862337],[-65.231539,-26.861877],[-65.23168,-26.861852],[-65.231553,-26.861667],[-65.231428,-26.86149],[-65.230541,-26.860729],[-65.229429,-26.859989],[-65.228853,-26.859583],[-65.228815,-26.859556],[-65.22859,-26.859398],[-65.227862,-26.858866],[-65.227049,-26.858296]]]]}},{"type":"Feature","properties":{"nombre":"San Anibal","id":425,"tipo":"Barrio","distrito":"Distrito 14","circuito":"19A","hectareas":31.916},"geometry":{"type":"MultiPolygon","coordinates":[[[[-65.233063,-26.857814],[-65.227862,-26.858866],[-65.227862,-26.858866],[-65.228815,-26.859556],[-65.229954,-26.860355],[-65.230541,-26.860729],[-65.231428,-26.86149],[-65.231655,-26.861813],[-65.233084,-26.863973],[-65.233943,-26.865298],[-65.234278,-26.865017],[-65.235897,-26.863659],[-65.235462,-26.861683],[-65.235326,-26.861016],[-65.23516,-26.860311],[-65.235042,-26.859812],[-65.234857,-26.859108],[-65.2347,-26.858422],[-65.234672,-26.858261],[-65.234594,-26.857819],[-65.23454,-26.857515],[-65.233063,-26.857814]]]]}},{"type":"Feature","properties":{"nombre":"El Grafico I","id":89,"tipo":"Barrio","distrito":"Distrito 14","circuito":"19A","hectareas":10.879},"geometry":{"type":"MultiPolygon","coordinates":[[[[-65.234339,-26.856269],[-65.232766,-26.856562],[-65.230599,-26.856965],[-65.229652,-26.857141],[-65.228283,-26.857406],[-65.22697,-26.857643],[-65.226292,-26.857766],[-65.227049,-26.858296],[-65.227862,-26.858866],[-65.229233,-26.858588],[-65.233063,-26.857814],[-65.23454,-26.857515],[-65.23446,-26.857016],[-65.234339,-26.856269]]]]}},{"type":"Feature","properties":{"nombre":"Presidente Peron (Vera)","id":416,"tipo":"Barrio","distrito":"Distrito 14","circuito":"20","hectareas":2.787},"geometry":{"type":"MultiPolygon","coordinates":[[[[-65.221907,-26.854362],[-65.221938,-26.854449],[-65.222046,-26.854746],[-65.22239,-26.855697],[-65.22311,-26.85563],[-65.22368,-26.855577],[-65.223661,-26.855475],[-65.223519,-26.854908],[-65.223354,-26.854227],[-65.223235,-26.853732],[-65.221814,-26.853994],[-65.221907,-26.854362],[-65.221907,-26.854362]]]]}},{"type":"Feature","properties":{"nombre":"Juan B. Teran","id":120,"tipo":"Barrio","distrito":"Distrito 14","circuito":"19","hectareas":16.681},"geometry":{"type":"MultiPolygon","coordinates":[[[[-65.231316,-26.851422],[-65.229809,-26.85168],[-65.228464,-26.851931],[-65.227191,-26.852169],[-65.226519,-26.852295],[-65.226631,-26.852829],[-65.226775,-26.853514],[-65.226992,-26.854543],[-65.227074,-26.854935],[-65.229361,-26.854489],[-65.232161,-26.853942],[-65.231876,-26.852645],[-65.232903,-26.852449],[-65.232542,-26.85117],[-65.231316,-26.851422]]]]}},{"type":"Feature","properties":{"nombre":"11 de Marzo","id":377,"tipo":"Barrio","distrito":"Distrito 14","circuito":"19A","hectareas":51.47},"geometry":{"type":"MultiPolygon","coordinates":[[[[-65.232161,-26.853942],[-65.230403,-26.854286],[-65.229134,-26.854533],[-65.227754,-26.854803],[-65.226349,-26.855075],[-65.225005,-26.855327],[-65.22368,-26.855577],[-65.22311,-26.85563],[-65.22239,-26.855697],[-65.222706,-26.856266],[-65.222815,-26.856461],[-65.22311,-26.856993],[-65.223734,-26.857602],[-65.224414,-26.858172],[-65.225094,-26.858742],[-65.225484,-26.858653],[-65.227049,-26.858296],[-65.226292,-26.857766],[-65.22697,-26.857643],[-65.228283,-26.857406],[-65.229652,-26.857141],[-65.230599,-26.856965],[-65.231985,-26.856707],[-65.232766,-26.856562],[-65.234339,-26.856269],[-65.235518,-26.856055],[-65.236979,-26.855789],[-65.240085,-26.855224],[-65.240085,-26.855224],[-65.239978,-26.854649],[-65.239878,-26.853952],[-65.239727,-26.853303],[-65.239581,-26.852519],[-65.238046,-26.85281],[-65.236343,-26.853138],[-65.234902,-26.853415],[-65.232161,-26.853942]]]]}},{"type":"Feature","properties":{"nombre":"San Fernando","id":431,"tipo":"Barrio","distrito":"Distrito 14","circuito":"19A","hectareas":30.926},"geometry":{"type":"MultiPolygon","coordinates":[[[[-65.241235,-26.856489],[-65.24024,-26.852133],[-65.240115,-26.852373],[-65.239581,-26.852519],[-65.240562,-26.857393],[-65.2347,-26.858422],[-65.234857,-26.859108],[-65.235897,-26.863659],[-65.238829,-26.861272],[-65.238997,-26.861135],[-65.239121,-26.861042],[-65.239904,-26.860452],[-65.240611,-26.859867],[-65.240755,-26.859748],[-65.241324,-26.859289],[-65.241698,-26.85901],[-65.241818,-26.858916],[-65.241728,-26.858542],[-65.241235,-26.856489]]]]}},{"type":"Feature","properties":{"nombre":"Independencia I","id":113,"tipo":"Barrio","distrito":"Distrito 13","circuito":"18C","hectareas":12.14},"geometry":{"type":"MultiPolygon","coordinates":[[[[-65.2493,-26.84382],[-65.249441,-26.844411],[-65.250231,-26.844238],[-65.250999,-26.844071],[-65.251151,-26.844695],[-65.252655,-26.844384],[-65.25276,-26.84414],[-65.252976,-26.843642],[-65.253235,-26.843044],[-65.253324,-26.842838],[-65.253416,-26.842626],[-65.253602,-26.842199],[-65.253628,-26.842138],[-65.253705,-26.841959],[-65.253705,-26.841959],[-65.253705,-26.841959],[-65.25387,-26.841579],[-65.25398,-26.841325],[-65.254064,-26.841186],[-65.254075,-26.841162],[-65.254106,-26.841116],[-65.254131,-26.841079],[-65.252606,-26.841163],[-65.250249,-26.841295],[-65.250412,-26.841976],[-65.250531,-26.842471],[-65.250069,-26.842553],[-65.249041,-26.842734],[-65.249097,-26.842969],[-65.249145,-26.843169],[-65.249145,-26.843169],[-65.2493,-26.84382]]]]}},{"type":"Feature","properties":{"nombre":"Villa Cabildo","id":56,"tipo":"Barrio","distrito":"Distrito 12","circuito":"18A","hectareas":4.674},"geometry":{"type":"MultiPolygon","coordinates":[[[[-65.270958,-26.833555],[-65.271089,-26.833124],[-65.271138,-26.832963],[-65.27112,-26.832723],[-65.271054,-26.832325],[-65.270835,-26.832078],[-65.270649,-26.83205],[-65.270423,-26.832015],[-65.270237,-26.83194],[-65.270077,-26.831875],[-65.270011,-26.831849],[-65.269921,-26.831481],[-65.269705,-26.831244],[-65.269577,-26.831104],[-65.269529,-26.83105],[-65.269524,-26.830914],[-65.269516,-26.830668],[-65.269512,-26.83056],[-65.268855,-26.830702],[-65.268874,-26.830764],[-65.269025,-26.83128],[-65.26924,-26.832018],[-65.26939,-26.83254],[-65.269605,-26.833177],[-65.2698,-26.833855],[-65.269698,-26.833898],[-65.269774,-26.834263],[-65.269646,-26.834801],[-65.269705,-26.834819],[-65.269831,-26.834807],[-65.269846,-26.834805],[-65.269887,-26.834809],[-65.269987,-26.834817],[-65.270073,-26.834815],[-65.270229,-26.834811],[-65.270508,-26.834829],[-65.270571,-26.834646],[-65.270725,-26.834384],[-65.270945,-26.834008],[-65.270949,-26.833859],[-65.270953,-26.833731],[-65.270958,-26.833555]]]]}},{"type":"Feature","properties":{"nombre":"San Martin (Oeste)","id":442,"tipo":"Barrio","distrito":"Distrito 12","circuito":"18A","hectareas":20.767},"geometry":{"type":"MultiPolygon","coordinates":[[[[-65.26939,-26.83254],[-65.26924,-26.832018],[-65.269025,-26.83128],[-65.268874,-26.830764],[-65.268855,-26.830702],[-65.266832,-26.831172],[-65.265562,-26.831362],[-65.266206,-26.833399],[-65.266347,-26.833872],[-65.266399,-26.834038],[-65.266399,-26.834038],[-65.266399,-26.834038],[-65.266515,-26.83441],[-65.266591,-26.834653],[-65.266703,-26.835012],[-65.266772,-26.835232],[-65.266912,-26.835679],[-65.266999,-26.835681],[-65.267709,-26.835695],[-65.267692,-26.836028],[-65.26767,-26.836214],[-65.267619,-26.837046],[-65.267611,-26.837709],[-65.267804,-26.837724],[-65.270089,-26.837896],[-65.270166,-26.837243],[-65.270449,-26.836927],[-65.270501,-26.836547],[-65.270307,-26.836105],[-65.27043,-26.835692],[-65.270436,-26.835037],[-65.270508,-26.834829],[-65.270073,-26.834815],[-65.269987,-26.834817],[-65.269887,-26.834809],[-65.269831,-26.834807],[-65.269705,-26.834819],[-65.269646,-26.834801],[-65.269774,-26.834263],[-65.269698,-26.833898],[-65.2698,-26.833855],[-65.269605,-26.833177],[-65.26939,-26.83254]]]]}},{"type":"Feature","properties":{"nombre":"Municipal","id":161,"tipo":"Barrio","distrito":"Distrito 13","circuito":"18C","hectareas":14.821},"geometry":{"type":"MultiPolygon","coordinates":[[[[-65.253286,-26.835899],[-65.25287,-26.835991],[-65.251273,-26.836347],[-65.251895,-26.838641],[-65.252016,-26.839088],[-65.252211,-26.839807],[-65.253848,-26.839621],[-65.255215,-26.839466],[-65.255215,-26.839466],[-65.255215,-26.839466],[-65.255339,-26.839281],[-65.255829,-26.838553],[-65.256082,-26.838176],[-65.256091,-26.838164],[-65.25556,-26.838081],[-65.254879,-26.835544],[-65.254184,-26.835699],[-65.253286,-26.835899]]]]}},{"type":"Feature","properties":{"nombre":"Santa Ana","id":454,"tipo":"Barrio","distrito":"Distrito 13","circuito":"18C","hectareas":3.575},"geometry":{"type":"MultiPolygon","coordinates":[[[[-65.252606,-26.841163],[-65.254131,-26.841079],[-65.255215,-26.839466],[-65.255215,-26.839466],[-65.255215,-26.839466],[-65.253848,-26.839621],[-65.252211,-26.839807],[-65.252407,-26.840481],[-65.252606,-26.841163]]]]}},{"type":"Feature","properties":{"nombre":"Cardenal Samore","id":62,"tipo":"Barrio","distrito":"Distrito 13","circuito":"18C","hectareas":21},"geometry":{"type":"MultiPolygon","coordinates":[[[[-65.246567,-26.838098],[-65.2464,-26.837239],[-65.245616,-26.837374],[-65.244058,-26.837642],[-65.244058,-26.837642],[-65.242167,-26.837934],[-65.242268,-26.838605],[-65.242374,-26.83922],[-65.242471,-26.839886],[-65.24283,-26.842358],[-65.243142,-26.8423],[-65.24375,-26.842185],[-65.244163,-26.842108],[-65.244878,-26.841973],[-65.24705,-26.841564],[-65.246711,-26.838845],[-65.246567,-26.838098]]]]}},{"type":"Feature","properties":{"nombre":"San Cristobal","id":430,"tipo":"Barrio","distrito":"Distrito 13","circuito":"18E","hectareas":5.66},"geometry":{"type":"MultiPolygon","coordinates":[[[[-65.24519,-26.855878],[-65.24504,-26.85576],[-65.244913,-26.855842],[-65.244422,-26.85593],[-65.243141,-26.856158],[-65.241648,-26.856418],[-65.241235,-26.856489],[-65.241414,-26.857234],[-65.241818,-26.858916],[-65.24519,-26.855878]]]]}},{"type":"Feature","properties":{"nombre":"San Juan Bautista","id":437,"tipo":"Barrio","distrito":"Distrito 13","circuito":"18E","hectareas":3.887},"geometry":{"type":"MultiPolygon","coordinates":[[[[-65.246758,-26.854473],[-65.246171,-26.854566],[-65.245686,-26.854643],[-65.244215,-26.854875],[-65.243862,-26.85493],[-65.24304,-26.85506],[-65.242599,-26.855164],[-65.242629,-26.855348],[-65.242671,-26.855605],[-65.242851,-26.855577],[-65.242895,-26.855804],[-65.242971,-26.856189],[-65.243141,-26.856158],[-65.244422,-26.85593],[-65.244913,-26.855842],[-65.24504,-26.85576],[-65.24519,-26.855878],[-65.246758,-26.854473]]]]}},{"type":"Feature","properties":{"nombre":"17 de Agosto","id":379,"tipo":"Barrio","distrito":"Distrito 13","circuito":"18E","hectareas":5.11},"geometry":{"type":"MultiPolygon","coordinates":[[[[-65.248268,-26.853144],[-65.246206,-26.85352],[-65.245867,-26.853582],[-65.244829,-26.853772],[-65.243752,-26.853972],[-65.242843,-26.854117],[-65.242909,-26.854434],[-65.24297,-26.854726],[-65.24304,-26.85506],[-65.243361,-26.85501],[-65.243862,-26.85493],[-65.244215,-26.854875],[-65.245686,-26.854643],[-65.246171,-26.854566],[-65.246758,-26.854473],[-65.247229,-26.854058],[-65.248268,-26.853144]]]]}},{"type":"Feature","properties":{"nombre":"El Grafico II","id":290,"tipo":"Barrio","distrito":"Distrito 13","circuito":"18E","hectareas":10.563},"geometry":{"type":"MultiPolygon","coordinates":[[[[-65.249012,-26.850361],[-65.245232,-26.851125],[-65.245323,-26.851477],[-65.245867,-26.853582],[-65.246206,-26.85352],[-65.248283,-26.85313],[-65.24867,-26.852764],[-65.249151,-26.851874],[-65.249331,-26.851486],[-65.249414,-26.851309],[-65.249537,-26.851016],[-65.249778,-26.850446],[-65.250286,-26.850088],[-65.249012,-26.850361]]]]}},{"type":"Feature","properties":{"nombre":"Juan F. Nougués","id":151,"tipo":"Barrio","distrito":"Distrito 13","circuito":"18C","hectareas":18.671},"geometry":{"type":"MultiPolygon","coordinates":[[[[-65.252179,-26.845482],[-65.252179,-26.845482],[-65.252655,-26.844384],[-65.251151,-26.844695],[-65.250999,-26.844071],[-65.250231,-26.844238],[-65.249441,-26.844411],[-65.2493,-26.84382],[-65.2493,-26.84382],[-65.249145,-26.843169],[-65.249041,-26.842734],[-65.250531,-26.842471],[-65.250249,-26.841295],[-65.247815,-26.841432],[-65.24705,-26.841564],[-65.247121,-26.841849],[-65.247219,-26.842239],[-65.247386,-26.842909],[-65.247086,-26.842967],[-65.247086,-26.842969],[-65.247086,-26.842969],[-65.247162,-26.843266],[-65.247269,-26.843683],[-65.247269,-26.843683],[-65.247269,-26.843683],[-65.247954,-26.846362],[-65.248122,-26.847009],[-65.248789,-26.846871],[-65.249138,-26.846806],[-65.250679,-26.846496],[-65.251089,-26.846438],[-65.251089,-26.846438],[-65.251816,-26.846335],[-65.252155,-26.845538],[-65.252179,-26.845482],[-65.252179,-26.845482]]]]}},{"type":"Feature","properties":{"nombre":"Canal norte III","id":59,"tipo":"Barrio","distrito":"Distrito 7","circuito":"14A","hectareas":4.901},"geometry":{"type":"MultiPolygon","coordinates":[[[[-65.187514,-26.795459],[-65.187282,-26.795448],[-65.187155,-26.795442],[-65.18698,-26.795423],[-65.18683,-26.795407],[-65.186517,-26.795334],[-65.186384,-26.795292],[-65.186257,-26.795252],[-65.186137,-26.795215],[-65.186042,-26.79517],[-65.185972,-26.795137],[-65.185916,-26.795111],[-65.185771,-26.795043],[-65.185721,-26.795014],[-65.185682,-26.794992],[-65.185597,-26.794943],[-65.185553,-26.794918],[-65.185517,-26.794897],[-65.185329,-26.794791],[-65.185155,-26.794651],[-65.185082,-26.794591],[-65.184981,-26.794489],[-65.184493,-26.793994],[-65.184376,-26.793814],[-65.183891,-26.793066],[-65.18373,-26.792715],[-65.183401,-26.792416],[-65.18323,-26.792342],[-65.182912,-26.792204],[-65.182693,-26.792162],[-65.182436,-26.792112],[-65.182037,-26.792106],[-65.181798,-26.792134],[-65.181638,-26.792152],[-65.180996,-26.792479],[-65.180626,-26.792663],[-65.180452,-26.792749],[-65.180241,-26.792853],[-65.180102,-26.792912],[-65.179967,-26.79297],[-65.179835,-26.793026],[-65.179774,-26.793043],[-65.179623,-26.793085],[-65.179365,-26.793158],[-65.179341,-26.793158],[-65.179282,-26.793159],[-65.179088,-26.793163],[-65.179048,-26.793158],[-65.1789,-26.793136],[-65.178818,-26.793124],[-65.178573,-26.793089],[-65.178522,-26.79307],[-65.17844,-26.79304],[-65.178321,-26.792996],[-65.178251,-26.792971],[-65.178103,-26.792916],[-65.177704,-26.79271],[-65.177437,-26.792468],[-65.177221,-26.792273],[-65.177097,-26.792161],[-65.176893,-26.791977],[-65.176641,-26.791749],[-65.17659,-26.791708],[-65.176548,-26.791674],[-65.176512,-26.791646],[-65.176473,-26.791614],[-65.175993,-26.791232],[-65.175276,-26.790614],[-65.174966,-26.791001],[-65.175954,-26.791599],[-65.176283,-26.791871],[-65.176291,-26.791878],[-65.176523,-26.792066],[-65.176664,-26.792209],[-65.176718,-26.792255],[-65.176893,-26.792409],[-65.177205,-26.792624],[-65.177569,-26.792888],[-65.177975,-26.793146],[-65.178097,-26.793219],[-65.178113,-26.793232],[-65.17825,-26.793268],[-65.178598,-26.793369],[-65.179059,-26.793422],[-65.179474,-26.793304],[-65.180027,-26.793213],[-65.180498,-26.793095],[-65.180685,-26.792979],[-65.181131,-26.792894],[-65.181349,-26.792844],[-65.182041,-26.792714],[-65.182456,-26.792632],[-65.182848,-26.792539],[-65.183123,-26.792626],[-65.183303,-26.792784],[-65.18354,-26.793004],[-65.183619,-26.793211],[-65.183667,-26.793349],[-65.183859,-26.793644],[-65.184548,-26.794485],[-65.184608,-26.794559],[-65.18485,-26.794788],[-65.184914,-26.794849],[-65.185119,-26.795043],[-65.185241,-26.79509],[-65.187023,-26.795769],[-65.188215,-26.795725],[-65.188222,-26.795725],[-65.188218,-26.795714],[-65.188134,-26.795422],[-65.187828,-26.795447],[-65.187579,-26.795462],[-65.187514,-26.795459]]]]}},{"type":"Feature","properties":{"nombre":"San Ramon","id":450,"tipo":"Barrio","distrito":"Distrito 7","circuito":"14B","hectareas":23.544},"geometry":{"type":"MultiPolygon","coordinates":[[[[-65.183619,-26.793211],[-65.18354,-26.793004],[-65.183303,-26.792784],[-65.183123,-26.792626],[-65.182848,-26.792539],[-65.182456,-26.792632],[-65.182041,-26.792714],[-65.181349,-26.792844],[-65.181131,-26.792894],[-65.180685,-26.792979],[-65.180498,-26.793095],[-65.180027,-26.793213],[-65.179474,-26.793304],[-65.179059,-26.793422],[-65.178598,-26.793369],[-65.17825,-26.793268],[-65.178113,-26.793232],[-65.178097,-26.793219],[-65.177975,-26.793146],[-65.177569,-26.792888],[-65.177205,-26.792624],[-65.176893,-26.792409],[-65.176718,-26.792255],[-65.176664,-26.792209],[-65.176542,-26.792106],[-65.176449,-26.792039],[-65.176291,-26.791878],[-65.176283,-26.791871],[-65.175954,-26.791599],[-65.175708,-26.791486],[-65.175584,-26.79141],[-65.175454,-26.791543],[-65.175333,-26.791743],[-65.175101,-26.791999],[-65.175154,-26.792075],[-65.175333,-26.792374],[-65.176567,-26.794364],[-65.176625,-26.794581],[-65.176625,-26.794581],[-65.176626,-26.794581],[-65.17663,-26.794643],[-65.176686,-26.795294],[-65.176738,-26.79606],[-65.176739,-26.79606],[-65.176745,-26.79617],[-65.176784,-26.796754],[-65.178936,-26.796347],[-65.178793,-26.795757],[-65.178778,-26.7957],[-65.178779,-26.795699],[-65.178778,-26.795697],[-65.179087,-26.795633],[-65.179277,-26.795591],[-65.181305,-26.795146],[-65.181305,-26.795146],[-65.181305,-26.795146],[-65.181348,-26.795137],[-65.181351,-26.795136],[-65.18136,-26.795134],[-65.18136,-26.795134],[-65.18136,-26.795134],[-65.181416,-26.795124],[-65.182035,-26.795005],[-65.183983,-26.794602],[-65.184548,-26.794485],[-65.183859,-26.793644],[-65.183667,-26.793349],[-65.183619,-26.793211]]]]}},{"type":"Feature","properties":{"nombre":"Alto la Polvora","id":13,"tipo":"Barrio","distrito":"Distrito 7","circuito":"14C","hectareas":27.736},"geometry":{"type":"MultiPolygon","coordinates":[[[[-65.180444,-26.80145],[-65.180445,-26.801451],[-65.18065,-26.802114],[-65.18084,-26.802731],[-65.181273,-26.804143],[-65.181677,-26.804054],[-65.182176,-26.803943],[-65.182657,-26.803837],[-65.1832,-26.803716],[-65.183745,-26.803597],[-65.184267,-26.80349],[-65.184841,-26.803373],[-65.185471,-26.803245],[-65.186828,-26.802969],[-65.188584,-26.802612],[-65.18974,-26.802382],[-65.189915,-26.802342],[-65.189765,-26.801715],[-65.18955,-26.80082],[-65.189406,-26.800232],[-65.189269,-26.799666],[-65.189239,-26.799546],[-65.187,-26.800034],[-65.180444,-26.80145]]]]}},{"type":"Feature","properties":{"nombre":"Villa Martin Berho","id":488,"tipo":"Barrio","distrito":"Distrito 8","circuito":"14 D","hectareas":8.436},"geometry":{"type":"MultiPolygon","coordinates":[[[[-65.191613,-26.809633],[-65.188,-26.810279],[-65.187249,-26.810413],[-65.186151,-26.81061],[-65.186099,-26.810536],[-65.182359,-26.811276],[-65.18154,-26.811435],[-65.18057,-26.811623],[-65.178885,-26.811948],[-65.176937,-26.812358],[-65.17689,-26.812825],[-65.1796,-26.812347],[-65.181576,-26.811999],[-65.186426,-26.811028],[-65.18664,-26.810992],[-65.187377,-26.810864],[-65.188769,-26.810624],[-65.191725,-26.810093],[-65.191613,-26.809633]]]]}},{"type":"Feature","properties":{"nombre":"Mataderos","id":152,"tipo":"Barrio","distrito":"Distrito 8","circuito":"14","hectareas":36.949},"geometry":{"type":"MultiPolygon","coordinates":[[[[-65.184607,-26.812058],[-65.184607,-26.812058],[-65.18301,-26.812371],[-65.181737,-26.812621],[-65.18211,-26.814053],[-65.180532,-26.814373],[-65.179304,-26.814613],[-65.179304,-26.814613],[-65.179026,-26.814676],[-65.178063,-26.814838],[-65.178062,-26.814838],[-65.177677,-26.814909],[-65.177541,-26.814939],[-65.17586,-26.813677],[-65.175636,-26.813711],[-65.175758,-26.814375],[-65.175892,-26.815097],[-65.174349,-26.815331],[-65.172855,-26.815576],[-65.172323,-26.815659],[-65.172542,-26.816611],[-65.172814,-26.817794],[-65.173529,-26.817678],[-65.176648,-26.81717],[-65.178332,-26.816889],[-65.17967,-26.81667],[-65.180503,-26.816532],[-65.181168,-26.816422],[-65.181929,-26.816296],[-65.182575,-26.816189],[-65.183609,-26.816018],[-65.183714,-26.816113],[-65.18406,-26.816047],[-65.185528,-26.815781],[-65.185214,-26.814472],[-65.184972,-26.813511],[-65.184607,-26.812058]]]]}},{"type":"Feature","properties":{"nombre":"Arturo Illia II","id":41,"tipo":"Barrio","distrito":"Distrito 8","circuito":"14","hectareas":2.569},"geometry":{"type":"MultiPolygon","coordinates":[[[[-65.180532,-26.814373],[-65.180185,-26.812909],[-65.178668,-26.813195],[-65.178849,-26.814005],[-65.178999,-26.814659],[-65.180532,-26.814373]]]]}},{"type":"Feature","properties":{"nombre":"Minetti","id":158,"tipo":"Barrio","distrito":"Distrito 8","circuito":"14","hectareas":1.235},"geometry":{"type":"MultiPolygon","coordinates":[[[[-65.177677,-26.814909],[-65.177183,-26.813463],[-65.17586,-26.813677],[-65.177541,-26.814939],[-65.177677,-26.814909]]]]}},{"type":"Feature","properties":{"nombre":"La Cancha","id":126,"tipo":"Barrio","distrito":"Distrito 8","circuito":"14","hectareas":0.789},"geometry":{"type":"MultiPolygon","coordinates":[[[[-65.178047,-26.81477],[-65.177731,-26.813366],[-65.177183,-26.813463],[-65.177598,-26.814679],[-65.177677,-26.814909],[-65.178063,-26.814838],[-65.178047,-26.81477]]]]}},{"type":"Feature","properties":{"nombre":"La Merced","id":129,"tipo":"Barrio","distrito":"Distrito 17","circuito":"18G","hectareas":10.185},"geometry":{"type":"MultiPolygon","coordinates":[[[[-65.265753,-26.852016],[-65.265656,-26.851623],[-65.265528,-26.851103],[-65.265377,-26.850493],[-65.265193,-26.849746],[-65.264003,-26.849988],[-65.263629,-26.8485],[-65.263389,-26.847538],[-65.263142,-26.847587],[-65.262682,-26.847677],[-65.262682,-26.847677],[-65.262986,-26.848919],[-65.263293,-26.850205],[-65.262099,-26.850438],[-65.262383,-26.851537],[-65.262496,-26.851976],[-65.262658,-26.852622],[-65.262658,-26.852622],[-65.263266,-26.852519],[-65.26366,-26.852452],[-65.265771,-26.852107],[-65.265753,-26.852016]]]]}},{"type":"Feature","properties":{"nombre":"El Manantial (Cooperativa 2 de Abril)","id":91,"tipo":"Barrio","distrito":"Distrito 12","circuito":"18B","hectareas":0.901},"geometry":{"type":"MultiPolygon","coordinates":[[[[-65.264397,-26.83993],[-65.264273,-26.839317],[-65.264208,-26.839269],[-65.263824,-26.838988],[-65.263217,-26.838548],[-65.26336,-26.839496],[-65.263395,-26.839492],[-65.26345,-26.839981],[-65.263886,-26.840033],[-65.264397,-26.83993],[-65.264397,-26.83993]]]]}},{"type":"Feature","properties":{"nombre":"Policial","id":412,"tipo":"Barrio","distrito":"Distrito 12","circuito":"18B","hectareas":18.568},"geometry":{"type":"MultiPolygon","coordinates":[[[[-65.255397,-26.84156],[-65.255174,-26.841552],[-65.254708,-26.841502],[-65.254106,-26.841116],[-65.254064,-26.841186],[-65.25398,-26.841325],[-65.25387,-26.841579],[-65.253705,-26.841959],[-65.253628,-26.842138],[-65.253602,-26.842199],[-65.252179,-26.845482],[-65.251816,-26.846335],[-65.257952,-26.845316],[-65.257953,-26.845316],[-65.257772,-26.844486],[-65.257629,-26.843852],[-65.257493,-26.843215],[-65.257059,-26.841196],[-65.256274,-26.841351],[-65.255899,-26.841467],[-65.255757,-26.84151],[-65.255576,-26.841544],[-65.255397,-26.84156]]]]}},{"type":"Feature","properties":{"nombre":"Los Platanos","id":145,"tipo":"Barrio","distrito":"Distrito 12","circuito":"18B","hectareas":20.889},"geometry":{"type":"MultiPolygon","coordinates":[[[[-65.259355,-26.840763],[-65.258539,-26.840917],[-65.258539,-26.840917],[-65.257059,-26.841196],[-65.257493,-26.843215],[-65.257629,-26.843852],[-65.257772,-26.844486],[-65.257953,-26.845316],[-65.258064,-26.845786],[-65.258206,-26.84646],[-65.25835,-26.847147],[-65.258491,-26.847804],[-65.25863,-26.848444],[-65.259927,-26.848188],[-65.261289,-26.847938],[-65.261213,-26.847557],[-65.261135,-26.847166],[-65.261135,-26.847165],[-65.26103,-26.846625],[-65.260902,-26.845983],[-65.260745,-26.84601],[-65.260609,-26.845368],[-65.260702,-26.845336],[-65.260565,-26.844732],[-65.260411,-26.844709],[-65.260266,-26.844122],[-65.260253,-26.844071],[-65.260095,-26.843435],[-65.259925,-26.842745],[-65.259751,-26.842127],[-65.259744,-26.842102],[-65.259579,-26.841472],[-65.259355,-26.840763]]]]}},{"type":"Feature","properties":{"nombre":"A.T.E","id":44,"tipo":"Barrio","distrito":"Distrito 12","circuito":"18B","hectareas":25.026},"geometry":{"type":"MultiPolygon","coordinates":[[[[-65.257952,-26.845316],[-65.251816,-26.846335],[-65.251053,-26.848086],[-65.2509,-26.848494],[-65.250849,-26.848625],[-65.250703,-26.849011],[-65.250495,-26.849573],[-65.250305,-26.85008],[-65.25082,-26.850003],[-65.252069,-26.849766],[-65.254783,-26.849238],[-65.255063,-26.849181],[-65.256198,-26.848928],[-65.257592,-26.848666],[-65.257913,-26.848592],[-65.25863,-26.848444],[-65.258599,-26.8483],[-65.258491,-26.847804],[-65.25835,-26.847147],[-65.258206,-26.84646],[-65.258064,-26.845786],[-65.257953,-26.845316],[-65.257952,-26.845316]]]]}},{"type":"Feature","properties":{"nombre":"El Manantial II","id":93,"tipo":"Barrio","distrito":"Distrito 17","circuito":"18G","hectareas":7.545},"geometry":{"type":"MultiPolygon","coordinates":[[[[-65.266097,-26.855256],[-65.264319,-26.855634],[-65.264317,-26.855634],[-65.264615,-26.856789],[-65.264829,-26.857023],[-65.265113,-26.857089],[-65.266887,-26.856731],[-65.266893,-26.85673],[-65.266738,-26.856136],[-65.266593,-26.85558],[-65.267853,-26.855317],[-65.267557,-26.85402],[-65.267376,-26.853387],[-65.265889,-26.853684],[-65.26578,-26.853704],[-65.265549,-26.853747],[-65.26555,-26.85375],[-65.266097,-26.855256]]]]}},{"type":"Feature","properties":{"nombre":"Elena White","id":97,"tipo":"Barrio","distrito":"Distrito 17","circuito":"18F","hectareas":32.467},"geometry":{"type":"MultiPolygon","coordinates":[[[[-65.271833,-26.847088],[-65.271659,-26.846961],[-65.271183,-26.846858],[-65.270993,-26.846725],[-65.270829,-26.846611],[-65.270608,-26.846456],[-65.270385,-26.846301],[-65.270127,-26.846341],[-65.269741,-26.846215],[-65.269625,-26.845945],[-65.269483,-26.845974],[-65.269347,-26.846001],[-65.265304,-26.846822],[-65.265349,-26.847131],[-65.26593,-26.849609],[-65.267295,-26.849338],[-65.267957,-26.852084],[-65.267959,-26.852086],[-65.26796,-26.852085],[-65.268151,-26.852249],[-65.268406,-26.852537],[-65.269516,-26.852303],[-65.271084,-26.852048],[-65.271031,-26.851849],[-65.271025,-26.8518],[-65.271427,-26.851409],[-65.27091,-26.849237],[-65.27343,-26.848886],[-65.273123,-26.848409],[-65.272967,-26.848215],[-65.272902,-26.848133],[-65.272921,-26.847938],[-65.272792,-26.847921],[-65.272528,-26.847742],[-65.272393,-26.84749],[-65.272054,-26.847327],[-65.271962,-26.847283],[-65.271833,-26.847088]]]]}},{"type":"Feature","properties":{"nombre":"Murga","id":162,"tipo":"Barrio","distrito":"Distrito 7","circuito":"14C","hectareas":19.873},"geometry":{"type":"MultiPolygon","coordinates":[[[[-65.18921,-26.799548],[-65.188661,-26.797755],[-65.185215,-26.798339],[-65.183789,-26.798582],[-65.183403,-26.798669],[-65.182251,-26.798928],[-65.180597,-26.799244],[-65.179968,-26.79937],[-65.180195,-26.800364],[-65.180302,-26.800829],[-65.180445,-26.801451],[-65.183699,-26.800729],[-65.18921,-26.799548]]]]}},{"type":"Feature","properties":{"nombre":"San Luis","id":439,"tipo":"Barrio","distrito":"Distrito 7","circuito":"14B","hectareas":3.565},"geometry":{"type":"MultiPolygon","coordinates":[[[[-65.175584,-26.796083],[-65.175638,-26.796299],[-65.176729,-26.796065],[-65.17663,-26.794643],[-65.176626,-26.794581],[-65.176625,-26.794581],[-65.174192,-26.795112],[-65.174489,-26.796339],[-65.175584,-26.796083]]]]}},{"type":"Feature","properties":{"nombre":"Villa 9 de Julio","id":482,"tipo":"Barrio","distrito":"Distrito 6","circuito":"12","hectareas":456.819},"geometry":{"type":"MultiPolygon","coordinates":[[[[-65.207785,-26.817496],[-65.20711,-26.814677],[-65.206503,-26.812148],[-65.205969,-26.810606],[-65.205634,-26.80964],[-65.204473,-26.805152],[-65.20446,-26.805101],[-65.20332,-26.800641],[-65.20341,-26.80005],[-65.204495,-26.796214],[-65.20572,-26.792999],[-65.20041,-26.794083],[-65.195686,-26.79502],[-65.194536,-26.795242],[-65.19327,-26.795486],[-65.191792,-26.795771],[-65.188475,-26.796411],[-65.189239,-26.799546],[-65.18955,-26.80082],[-65.189916,-26.802342],[-65.190934,-26.806597],[-65.191728,-26.810114],[-65.18664,-26.810992],[-65.186426,-26.811028],[-65.186846,-26.811664],[-65.184607,-26.812058],[-65.185528,-26.815781],[-65.185869,-26.817159],[-65.186383,-26.819814],[-65.184933,-26.820091],[-65.180599,-26.820857],[-65.180599,-26.820857],[-65.180851,-26.822314],[-65.186713,-26.821244],[-65.190269,-26.820689],[-65.191685,-26.820468],[-65.194137,-26.820119],[-65.200236,-26.818951],[-65.201784,-26.818652],[-65.201448,-26.817141],[-65.202965,-26.816868],[-65.203294,-26.818356],[-65.207785,-26.817496]],[[-65.199051,-26.800233],[-65.198377,-26.797177],[-65.199948,-26.7969],[-65.200643,-26.800341],[-65.202092,-26.800272],[-65.202731,-26.802769],[-65.200954,-26.803163],[-65.200407,-26.800391],[-65.200406,-26.800391],[-65.199143,-26.800655],[-65.199051,-26.800233]],[[-65.197621,-26.800906],[-65.197552,-26.800491],[-65.199049,-26.800233],[-65.199097,-26.800449],[-65.199143,-26.800655],[-65.197621,-26.800906]]]]}},{"type":"Feature","properties":{"nombre":"Norte","id":166,"tipo":"Barrio","distrito":"Distrito 10","circuito":"6","hectareas":244.987},"geometry":{"type":"MultiPolygon","coordinates":[[[[-65.203294,-26.818356],[-65.201844,-26.818641],[-65.201784,-26.818652],[-65.201784,-26.818652],[-65.201784,-26.818652],[-65.200236,-26.818951],[-65.194137,-26.820119],[-65.191685,-26.820468],[-65.192361,-26.823373],[-65.19243,-26.823682],[-65.193914,-26.830054],[-65.194238,-26.829997],[-65.19646,-26.829609],[-65.198215,-26.829314],[-65.199139,-26.829158],[-65.201152,-26.828877],[-65.200815,-26.827443],[-65.200189,-26.824852],[-65.200189,-26.824852],[-65.200189,-26.824852],[-65.20305,-26.82422],[-65.209161,-26.822912],[-65.209161,-26.822912],[-65.209161,-26.822912],[-65.209161,-26.822912],[-65.209161,-26.822912],[-65.209925,-26.825687],[-65.210935,-26.829795],[-65.210935,-26.829795],[-65.210935,-26.829795],[-65.212597,-26.829504],[-65.214017,-26.829237],[-65.215525,-26.82899],[-65.215525,-26.82899],[-65.21591,-26.828894],[-65.218615,-26.828204],[-65.215448,-26.816247],[-65.215212,-26.816089],[-65.212151,-26.816643],[-65.207785,-26.817496],[-65.206168,-26.817805],[-65.204853,-26.818057],[-65.203294,-26.818356]]]]}},{"type":"Feature","properties":{"nombre":"A.T.E.P.","id":45,"tipo":"Barrio","distrito":"Distrito 5","circuito":"13A","hectareas":5.221},"geometry":{"type":"MultiPolygon","coordinates":[[[[-65.200407,-26.80039],[-65.200954,-26.803163],[-65.202731,-26.802769],[-65.202092,-26.800272],[-65.200643,-26.800341],[-65.200407,-26.80039]]]]}},{"type":"Feature","properties":{"nombre":"Los Pinos","id":144,"tipo":"Barrio","distrito":"Distrito 5","circuito":"12A","hectareas":6.09},"geometry":{"type":"MultiPolygon","coordinates":[[[[-65.199143,-26.800655],[-65.200406,-26.800391],[-65.200643,-26.800341],[-65.199948,-26.7969],[-65.198377,-26.797177],[-65.199051,-26.800233],[-65.199143,-26.800655]]]]}},{"type":"Feature","properties":{"nombre":"Christie","id":66,"tipo":"Barrio","distrito":"Distrito 6","circuito":"12A","hectareas":0.718},"geometry":{"type":"MultiPolygon","coordinates":[[[[-65.199049,-26.800233],[-65.197552,-26.800491],[-65.197621,-26.800906],[-65.199143,-26.800655],[-65.199097,-26.800449],[-65.199049,-26.800233]]]]}},{"type":"Feature","properties":{"nombre":"El Bosque","id":86,"tipo":"Barrio","distrito":"Distrito 4","circuito":"15","hectareas":95.377},"geometry":{"type":"MultiPolygon","coordinates":[[[[-65.222409,-26.807204],[-65.219975,-26.807678],[-65.219499,-26.806018],[-65.219319,-26.805391],[-65.213196,-26.806575],[-65.214729,-26.813102],[-65.217592,-26.812549],[-65.218286,-26.815251],[-65.225968,-26.813757],[-65.229098,-26.813197],[-65.22826,-26.81054],[-65.227941,-26.809245],[-65.225103,-26.809739],[-65.225415,-26.811093],[-65.223906,-26.811358],[-65.223608,-26.810005],[-65.222081,-26.810315],[-65.221752,-26.808916],[-65.222823,-26.808679],[-65.222409,-26.807204]]]]}},{"type":"Feature","properties":{"nombre":"Villa Urquiza","id":493,"tipo":"Barrio","distrito":"Distrito 5","circuito":"13","hectareas":179.604},"geometry":{"type":"MultiPolygon","coordinates":[[[[-65.211222,-26.798205],[-65.210601,-26.795557],[-65.210908,-26.79492],[-65.210303,-26.792144],[-65.20572,-26.792999],[-65.204495,-26.796214],[-65.20341,-26.80005],[-65.20332,-26.800641],[-65.20446,-26.805101],[-65.205634,-26.80964],[-65.206503,-26.812148],[-65.20711,-26.814677],[-65.207785,-26.817496],[-65.212151,-26.816643],[-65.211361,-26.81382],[-65.214729,-26.813102],[-65.213196,-26.806575],[-65.21316,-26.806256],[-65.213059,-26.805859],[-65.212525,-26.803757],[-65.211897,-26.80108],[-65.211222,-26.798205]],[[-65.21242,-26.807048],[-65.212172,-26.807693],[-65.211942,-26.808292],[-65.211836,-26.808567],[-65.211713,-26.808888],[-65.211699,-26.809002],[-65.211683,-26.809138],[-65.211635,-26.809534],[-65.21156,-26.810156],[-65.211453,-26.811042],[-65.211187,-26.811635],[-65.210987,-26.812082],[-65.21055,-26.812583],[-65.209299,-26.812898],[-65.208994,-26.812477],[-65.208503,-26.811799],[-65.209092,-26.811069],[-65.210049,-26.809884],[-65.210366,-26.809488],[-65.21087,-26.808852],[-65.211257,-26.808365],[-65.211373,-26.808218],[-65.211732,-26.807766],[-65.211763,-26.807726],[-65.211823,-26.80765],[-65.212128,-26.807266],[-65.212213,-26.807158],[-65.212399,-26.806923],[-65.212532,-26.806756],[-65.21242,-26.807048]],[[-65.205894,-26.796007],[-65.208836,-26.795379],[-65.208937,-26.795358],[-65.209234,-26.796762],[-65.20723,-26.797149],[-65.206193,-26.797349],[-65.206045,-26.796686],[-65.205894,-26.796007]]]]}},{"type":"Feature","properties":{"nombre":"America","id":16,"tipo":"Barrio","distrito":"Distrito 5","circuito":"13A","hectareas":4.806},"geometry":{"type":"MultiPolygon","coordinates":[[[[-65.205894,-26.796007],[-65.206045,-26.796686],[-65.206193,-26.797349],[-65.20723,-26.797149],[-65.209234,-26.796762],[-65.208937,-26.795358],[-65.208836,-26.795379],[-65.205894,-26.796007]]]]}},{"type":"Feature","properties":{"nombre":"Plazoleta Mitre","id":411,"tipo":"Barrio","distrito":"Distrito 4","circuito":"13","hectareas":20.229},"geometry":{"type":"MultiPolygon","coordinates":[[[[-65.218286,-26.815251],[-65.217592,-26.812549],[-65.214729,-26.813102],[-65.211361,-26.81382],[-65.212151,-26.816643],[-65.215212,-26.816089],[-65.215448,-26.816247],[-65.215649,-26.816058],[-65.215626,-26.815756],[-65.218286,-26.815251]]]]}},{"type":"Feature","properties":{"nombre":"Don Bosco","id":81,"tipo":"Barrio","distrito":"Distrito 10","circuito":"7A","hectareas":196.355},"geometry":{"type":"MultiPolygon","coordinates":[[[[-65.218286,-26.815251],[-65.215626,-26.815756],[-65.215649,-26.816058],[-65.215448,-26.816247],[-65.218615,-26.828204],[-65.224419,-26.826879],[-65.229169,-26.825794],[-65.23215,-26.825113],[-65.231982,-26.824155],[-65.23177,-26.823183],[-65.23162,-26.822072],[-65.23135,-26.820693],[-65.230822,-26.818243],[-65.230494,-26.816993],[-65.22979,-26.814549],[-65.229202,-26.813355],[-65.229098,-26.813197],[-65.218286,-26.815251]]]]}},{"type":"Feature","properties":{"nombre":"Juan XXIII","id":123,"tipo":"Barrio","distrito":"Distrito 4","circuito":"15","hectareas":12.274},"geometry":{"type":"MultiPolygon","coordinates":[[[[-65.227941,-26.809245],[-65.227511,-26.807657],[-65.22492,-26.808222],[-65.222823,-26.808679],[-65.221752,-26.808916],[-65.22189,-26.809503],[-65.222081,-26.810315],[-65.223608,-26.810005],[-65.223906,-26.811358],[-65.225415,-26.811093],[-65.225103,-26.809739],[-65.227941,-26.809245]]]]}},{"type":"Feature","properties":{"nombre":"El Empalme","id":88,"tipo":"Barrio","distrito":"Distrito 4","circuito":"15","hectareas":7.343},"geometry":{"type":"MultiPolygon","coordinates":[[[[-65.218979,-26.80429],[-65.213823,-26.8053],[-65.21316,-26.806256],[-65.213196,-26.806575],[-65.219319,-26.805391],[-65.219256,-26.805186],[-65.218979,-26.80429]]]]}},{"type":"Feature","properties":{"nombre":"Juan Pablo II","id":122,"tipo":"Barrio","distrito":"Distrito 4","circuito":"15","hectareas":12.433},"geometry":{"type":"MultiPolygon","coordinates":[[[[-65.217907,-26.800619],[-65.217803,-26.800264],[-65.21512,-26.803504],[-65.213823,-26.8053],[-65.218979,-26.80429],[-65.218089,-26.80124],[-65.218085,-26.801228],[-65.218048,-26.801101],[-65.217907,-26.800619]]]]}},{"type":"Feature","properties":{"nombre":"Lucas Cordoba","id":150,"tipo":"Barrio","distrito":"Distrito 4","circuito":"15","hectareas":17.848},"geometry":{"type":"MultiPolygon","coordinates":[[[[-65.21316,-26.806256],[-65.213859,-26.805248],[-65.21512,-26.803504],[-65.217803,-26.800264],[-65.217529,-26.800013],[-65.211896,-26.80108],[-65.212377,-26.803197],[-65.21257,-26.803941],[-65.212989,-26.805568],[-65.213042,-26.805792],[-65.213101,-26.806025],[-65.21316,-26.806256]]]]}},{"type":"Feature","properties":{"nombre":"Francisco de Aguirre","id":109,"tipo":"Barrio","distrito":"Distrito 4","circuito":"15A","hectareas":17.91},"geometry":{"type":"MultiPolygon","coordinates":[[[[-65.21564,-26.791],[-65.213956,-26.79135],[-65.210303,-26.792144],[-65.210908,-26.79492],[-65.214131,-26.794282],[-65.21387,-26.792983],[-65.214349,-26.792892],[-65.215469,-26.79268],[-65.215519,-26.792919],[-65.217505,-26.792498],[-65.217343,-26.791867],[-65.21775,-26.791791],[-65.217434,-26.790625],[-65.217324,-26.79065],[-65.217315,-26.790652],[-65.21564,-26.791]]]]}},{"type":"Feature","properties":{"nombre":"Las Rosas","id":135,"tipo":"Barrio","distrito":"Distrito 4","circuito":"15A","hectareas":12.974},"geometry":{"type":"MultiPolygon","coordinates":[[[[-65.219158,-26.790237],[-65.217434,-26.790625],[-65.21775,-26.791791],[-65.217343,-26.791867],[-65.217505,-26.792498],[-65.218095,-26.794448],[-65.220511,-26.79393],[-65.219955,-26.791981],[-65.221307,-26.791681],[-65.220827,-26.789884],[-65.219575,-26.790149],[-65.219158,-26.790237]]]]}},{"type":"Feature","properties":{"nombre":"San Agustin","id":423,"tipo":"Barrio","distrito":"Distrito 4","circuito":"15A","hectareas":6.561},"geometry":{"type":"MultiPolygon","coordinates":[[[[-65.219158,-26.790237],[-65.220827,-26.789884],[-65.222154,-26.789595],[-65.222152,-26.789593],[-65.221074,-26.788554],[-65.21998,-26.787616],[-65.218454,-26.787136],[-65.218809,-26.788771],[-65.218984,-26.789508],[-65.219158,-26.790237]]]]}},{"type":"Feature","properties":{"nombre":"Jardin","id":117,"tipo":"Barrio","distrito":"Distrito 3","circuito":"16","hectareas":29.462},"geometry":{"type":"MultiPolygon","coordinates":[[[[-65.237551,-26.80879],[-65.231724,-26.809908],[-65.228297,-26.810532],[-65.229098,-26.813197],[-65.229202,-26.813355],[-65.230852,-26.81302],[-65.235269,-26.812102],[-65.238256,-26.811517],[-65.237551,-26.80879],[-65.237551,-26.80879]]]]}},{"type":"Feature","properties":{"nombre":"Echeverria","id":82,"tipo":"Barrio","distrito":"Distrito 3","circuito":"15B","hectareas":123.836},"geometry":{"type":"MultiPolygon","coordinates":[[[[-65.235723,-26.800667],[-65.235545,-26.799914],[-65.235105,-26.797783],[-65.234623,-26.795782],[-65.234265,-26.794082],[-65.233784,-26.792034],[-65.233633,-26.79139],[-65.229009,-26.792246],[-65.2235,-26.793265],[-65.223528,-26.79337],[-65.223623,-26.793712],[-65.224298,-26.796159],[-65.224513,-26.796939],[-65.224658,-26.797463],[-65.224923,-26.798424],[-65.224949,-26.798519],[-65.224952,-26.798529],[-65.225308,-26.799821],[-65.225311,-26.799832],[-65.226772,-26.805044],[-65.227511,-26.807657],[-65.230564,-26.807053],[-65.229821,-26.80449],[-65.229122,-26.80187],[-65.234138,-26.80093],[-65.235723,-26.800667]]]]}},{"type":"Feature","properties":{"nombre":"Aguas Corrientes","id":7,"tipo":"Barrio","distrito":"Distrito 3","circuito":"15B","hectareas":39.959},"geometry":{"type":"MultiPolygon","coordinates":[[[[-65.233024,-26.788938],[-65.233004,-26.788872],[-65.232925,-26.788614],[-65.232691,-26.787794],[-65.232664,-26.787701],[-65.232693,-26.787625],[-65.232696,-26.787615],[-65.228618,-26.788372],[-65.228221,-26.788446],[-65.228127,-26.788463],[-65.22665,-26.788736],[-65.226157,-26.788826],[-65.224287,-26.78918],[-65.22289,-26.789445],[-65.222449,-26.789529],[-65.2235,-26.793265],[-65.225064,-26.792959],[-65.229009,-26.792246],[-65.233633,-26.79139],[-65.233348,-26.790175],[-65.230391,-26.790607],[-65.230328,-26.79021],[-65.233166,-26.789426],[-65.233024,-26.788938]],[[-65.229433,-26.791397],[-65.227038,-26.791832],[-65.226364,-26.791955],[-65.226231,-26.791197],[-65.229282,-26.790796],[-65.229433,-26.791397]]]]}},{"type":"Feature","properties":{"nombre":"Ampliacion Jardin","id":25,"tipo":"Barrio","distrito":"Distrito 9","circuito":"16","hectareas":6.955},"geometry":{"type":"MultiPolygon","coordinates":[[[[-65.239773,-26.808373],[-65.237551,-26.80879],[-65.238256,-26.811517],[-65.240488,-26.811027],[-65.239773,-26.808373]]]]}},{"type":"Feature","properties":{"nombre":"Eudoro Araoz","id":100,"tipo":"Barrio","distrito":"Distrito 9","circuito":"17","hectareas":64.191},"geometry":{"type":"MultiPolygon","coordinates":[[[[-65.240488,-26.811027],[-65.241938,-26.810667],[-65.242759,-26.81465],[-65.245613,-26.814014],[-65.245948,-26.815313],[-65.243041,-26.8159],[-65.243401,-26.817251],[-65.249777,-26.815867],[-65.249502,-26.814602],[-65.248587,-26.81066],[-65.247812,-26.808058],[-65.247474,-26.806864],[-65.241677,-26.808016],[-65.23977,-26.808374],[-65.240488,-26.811027]],[[-65.244904,-26.809054],[-65.241839,-26.809641],[-65.241779,-26.808801],[-65.244725,-26.808249],[-65.244904,-26.809054]]]]}},{"type":"Feature","properties":{"nombre":"Loteo las Americas","id":149,"tipo":"Barrio","distrito":"Distrito 1","circuito":"16A","hectareas":22.565},"geometry":{"type":"MultiPolygon","coordinates":[[[[-65.249251,-26.804197],[-65.250494,-26.803681],[-65.250096,-26.80203],[-65.24964,-26.800063],[-65.24942,-26.798984],[-65.249124,-26.797655],[-65.249119,-26.797631],[-65.246442,-26.798105],[-65.247079,-26.801209],[-65.24624,-26.801352],[-65.246429,-26.802182],[-65.246933,-26.804551],[-65.247661,-26.80444],[-65.249251,-26.804197]]]]}},{"type":"Feature","properties":{"nombre":"San Jose (Norte)","id":435,"tipo":"Barrio","distrito":"Distrito 1","circuito":"16A","hectareas":29.427},"geometry":{"type":"MultiPolygon","coordinates":[[[[-65.250494,-26.803681],[-65.249251,-26.804197],[-65.246933,-26.804551],[-65.247333,-26.806353],[-65.252318,-26.804226],[-65.255662,-26.802811],[-65.255775,-26.802763],[-65.256239,-26.802565],[-65.260042,-26.800947],[-65.259554,-26.799262],[-65.258717,-26.797187],[-65.257338,-26.797631],[-65.257845,-26.79931],[-65.256575,-26.799611],[-65.254988,-26.800096],[-65.255179,-26.800662],[-65.254276,-26.800893],[-65.254792,-26.801537],[-65.254778,-26.801886],[-65.250494,-26.803681]]]]}},{"type":"Feature","properties":{"nombre":"Modelo","id":159,"tipo":"Barrio","distrito":"Distrito 2","circuito":"16","hectareas":30.944},"geometry":{"type":"MultiPolygon","coordinates":[[[[-65.246429,-26.802182],[-65.240831,-26.803162],[-65.24168,-26.808016],[-65.247474,-26.806864],[-65.247333,-26.806353],[-65.247187,-26.805701],[-65.246933,-26.804551],[-65.246745,-26.803667],[-65.246429,-26.802182]]]]}},{"type":"Feature","properties":{"nombre":"Zenon Santillan","id":496,"tipo":"Barrio","distrito":"Distrito 2","circuito":"16","hectareas":44.142},"geometry":{"type":"MultiPolygon","coordinates":[[[[-65.238412,-26.799409],[-65.237154,-26.799631],[-65.235545,-26.799914],[-65.235723,-26.800667],[-65.235977,-26.801977],[-65.236314,-26.803456],[-65.237551,-26.80879],[-65.239773,-26.808373],[-65.241652,-26.808089],[-65.240803,-26.803236],[-65.240137,-26.799114],[-65.240048,-26.799129],[-65.238412,-26.799409]]]]}},{"type":"Feature","properties":{"nombre":"Ampliacion Villa Muñecas","id":38,"tipo":"Barrio","distrito":"Distrito 2","circuito":"15B","hectareas":21.779},"geometry":{"type":"MultiPolygon","coordinates":[[[[-65.234265,-26.794082],[-65.234623,-26.795782],[-65.239225,-26.795001],[-65.23906,-26.794197],[-65.240515,-26.793925],[-65.241899,-26.793667],[-65.241517,-26.791309],[-65.241514,-26.791293],[-65.239585,-26.791673],[-65.238492,-26.791888],[-65.235436,-26.792454],[-65.235465,-26.792582],[-65.235728,-26.793751],[-65.234265,-26.794082]]]]}},{"type":"Feature","properties":{"nombre":"Padilla","id":177,"tipo":"Barrio","distrito":"Distrito 9","circuito":"16A","hectareas":8.911},"geometry":{"type":"MultiPolygon","coordinates":[[[[-65.248168,-26.809256],[-65.248586,-26.810648],[-65.251444,-26.810055],[-65.250878,-26.807452],[-65.249815,-26.807667],[-65.247812,-26.808058],[-65.248168,-26.809256]]]]}},{"type":"Feature","properties":{"nombre":"ATEP II","id":46,"tipo":"Barrio","distrito":"Distrito 12","circuito":"18A","hectareas":15.008},"geometry":{"type":"MultiPolygon","coordinates":[[[[-65.264635,-26.829005],[-65.264499,-26.827857],[-65.264441,-26.827594],[-65.264017,-26.82783],[-65.262992,-26.828402],[-65.26276,-26.828558],[-65.262714,-26.828579],[-65.261692,-26.829193],[-65.26151,-26.829396],[-65.260876,-26.829802],[-65.260849,-26.829856],[-65.260688,-26.830197],[-65.2605,-26.830595],[-65.260265,-26.831093],[-65.26012,-26.8314],[-65.260244,-26.831411],[-65.260245,-26.831409],[-65.26251,-26.831572],[-65.26263,-26.831569],[-65.262989,-26.83156],[-65.263268,-26.831553],[-65.263348,-26.831551],[-65.263955,-26.831499],[-65.265562,-26.831362],[-65.266832,-26.831172],[-65.268855,-26.830702],[-65.269512,-26.83056],[-65.269387,-26.82993],[-65.269114,-26.829612],[-65.266629,-26.830045],[-65.266629,-26.830045],[-65.266629,-26.830045],[-65.266629,-26.830045],[-65.264717,-26.830306],[-65.264635,-26.829005]]]]}},{"type":"Feature","properties":{"nombre":"Jose Hernandez","id":119,"tipo":"Barrio","distrito":"Distrito 19","circuito":"21","hectareas":12.41},"geometry":{"type":"MultiPolygon","coordinates":[[[[-65.227801,-26.870568],[-65.227604,-26.869571],[-65.226271,-26.869747],[-65.224857,-26.869956],[-65.223622,-26.870133],[-65.224596,-26.871311],[-65.224938,-26.871911],[-65.225215,-26.872298],[-65.22541,-26.872571],[-65.225722,-26.873011],[-65.226044,-26.873473],[-65.226389,-26.873411],[-65.22702,-26.873297],[-65.228283,-26.873069],[-65.228062,-26.871919],[-65.227962,-26.871402],[-65.227939,-26.871283],[-65.227939,-26.871281],[-65.227801,-26.870568]]]]}},{"type":"Feature","properties":{"nombre":"Soldado Guanca","id":467,"tipo":"Barrio","distrito":"Distrito 15","circuito":"20","hectareas":7.186},"geometry":{"type":"MultiPolygon","coordinates":[[[[-65.212803,-26.85804],[-65.212803,-26.85804],[-65.21287,-26.858398],[-65.21297,-26.858922],[-65.212192,-26.859095],[-65.212261,-26.859525],[-65.211548,-26.859711],[-65.211596,-26.859943],[-65.211723,-26.860542],[-65.213202,-26.860292],[-65.213932,-26.860169],[-65.214477,-26.860076],[-65.215342,-26.859921],[-65.215473,-26.859974],[-65.217235,-26.859602],[-65.217195,-26.859457],[-65.21713,-26.859217],[-65.216626,-26.859281],[-65.216095,-26.859286],[-65.21601,-26.859286],[-65.21583,-26.859233],[-65.215605,-26.859179],[-65.215266,-26.858936],[-65.214836,-26.85903],[-65.214817,-26.858965],[-65.214705,-26.858524],[-65.214204,-26.858644],[-65.213789,-26.858744],[-65.213673,-26.858207],[-65.213624,-26.857986],[-65.213611,-26.857922],[-65.212803,-26.85804]]]]}},{"type":"Feature","properties":{"nombre":"NORGAS","id":165,"tipo":"Barrio","distrito":"Distrito 14","circuito":"9A","hectareas":1.577},"geometry":{"type":"MultiPolygon","coordinates":[[[[-65.220598,-26.849161],[-65.220724,-26.849671],[-65.220939,-26.850538],[-65.221923,-26.850361],[-65.221632,-26.848984],[-65.221074,-26.849105],[-65.220808,-26.849136],[-65.220598,-26.849161]]]]}},{"type":"Feature","properties":{"nombre":"Diego de Villarroel","id":80,"tipo":"Barrio","distrito":"Distrito 16","circuito":"10A","hectareas":2.265},"geometry":{"type":"MultiPolygon","coordinates":[[[[-65.19388,-26.859404],[-65.193884,-26.859416],[-65.194295,-26.860518],[-65.195951,-26.86014],[-65.19564,-26.859011],[-65.19504,-26.859145],[-65.194771,-26.859205],[-65.194569,-26.85925],[-65.194366,-26.859296],[-65.194348,-26.8593],[-65.194343,-26.859301],[-65.194106,-26.859353],[-65.19388,-26.859404]]]]}},{"type":"Feature","properties":{"nombre":"Jorge Luis Borges","id":118,"tipo":"Barrio","distrito":"Distrito 14","circuito":"19","hectareas":1.608},"geometry":{"type":"MultiPolygon","coordinates":[[[[-65.237811,-26.845067],[-65.237286,-26.845176],[-65.237111,-26.845212],[-65.236922,-26.845251],[-65.23676,-26.845285],[-65.236568,-26.845325],[-65.236297,-26.845381],[-65.235707,-26.84551],[-65.235753,-26.845759],[-65.235792,-26.84597],[-65.235827,-26.846159],[-65.236493,-26.846023],[-65.237992,-26.845718],[-65.237811,-26.845067]]]]}},{"type":"Feature","properties":{"nombre":"Bernabe Araoz","id":53,"tipo":"Barrio","distrito":"Distrito 14","circuito":"9A","hectareas":1.577},"geometry":{"type":"MultiPolygon","coordinates":[[[[-65.2205,-26.846371],[-65.220094,-26.846449],[-65.219901,-26.846486],[-65.2203,-26.847799],[-65.220598,-26.849161],[-65.220808,-26.849136],[-65.221074,-26.849105],[-65.22099,-26.848706],[-65.2205,-26.846371]]]]}},{"type":"Feature","properties":{"nombre":"Ampliacion SMATA (Iñigo)","id":34,"tipo":"Barrio","distrito":"Distrito 17","circuito":"18G","hectareas":9.277},"geometry":{"type":"MultiPolygon","coordinates":[[[[-65.261871,-26.85037],[-65.260998,-26.850536],[-65.260999,-26.850544],[-65.261482,-26.852527],[-65.261793,-26.85385],[-65.262037,-26.855002],[-65.262403,-26.85511],[-65.262402,-26.855199],[-65.262484,-26.855895],[-65.262602,-26.856572],[-65.263525,-26.856429],[-65.264141,-26.856939],[-65.264367,-26.857627],[-65.264701,-26.857567],[-65.265053,-26.857496],[-65.265581,-26.857392],[-65.265588,-26.85739],[-65.265578,-26.857384],[-65.265353,-26.857228],[-65.265111,-26.857095],[-65.264829,-26.857023],[-65.264615,-26.85679],[-65.264319,-26.855634],[-65.264287,-26.85551],[-65.263829,-26.855191],[-65.263719,-26.854873],[-65.263708,-26.854875],[-65.263107,-26.854977],[-65.263099,-26.854957],[-65.263016,-26.854756],[-65.262933,-26.854555],[-65.262897,-26.854419],[-65.262647,-26.853495],[-65.262518,-26.853096],[-65.262412,-26.852787],[-65.262418,-26.852664],[-65.26242,-26.852664],[-65.262658,-26.852622],[-65.262496,-26.851976],[-65.262383,-26.851537],[-65.262099,-26.850438],[-65.261871,-26.85037]]]]}},{"type":"Feature","properties":{"nombre":"Evangelina Salazar","id":101,"tipo":"Barrio","distrito":"Distrito 13","circuito":"18E","hectareas":2.788},"geometry":{"type":"MultiPolygon","coordinates":[[[[-65.242433,-26.855204],[-65.242299,-26.855235],[-65.241757,-26.855364],[-65.24152,-26.854367],[-65.240782,-26.854507],[-65.241018,-26.855512],[-65.241134,-26.856052],[-65.241235,-26.856489],[-65.241648,-26.856418],[-65.242971,-26.856189],[-65.242895,-26.855804],[-65.242851,-26.855577],[-65.242671,-26.855605],[-65.242599,-26.855164],[-65.242433,-26.855204]]]]}},{"type":"Feature","properties":{"nombre":"Ampliacion SITRAVI II","id":33,"tipo":"Barrio","distrito":"Distrito 7","circuito":"14 D","hectareas":2.908},"geometry":{"type":"MultiPolygon","coordinates":[[[[-65.178885,-26.811947],[-65.17857,-26.81131],[-65.178349,-26.810662],[-65.177314,-26.810935],[-65.176327,-26.811347],[-65.176937,-26.812358],[-65.178074,-26.812119],[-65.178885,-26.811947]]]]}},{"type":"Feature","properties":{"nombre":"Caritas Provivienda del Arzobispado de Tucuman","id":63,"tipo":"Barrio","distrito":"Distrito 8","circuito":"14","hectareas":5.429},"geometry":{"type":"MultiPolygon","coordinates":[[[[-65.165489,-26.820334],[-65.164504,-26.820577],[-65.163954,-26.819335],[-65.163514,-26.819434],[-65.1629,-26.818707],[-65.162512,-26.818814],[-65.164344,-26.821603],[-65.165035,-26.822397],[-65.165874,-26.823521],[-65.166503,-26.823513],[-65.166253,-26.823029],[-65.165936,-26.822429],[-65.165461,-26.821557],[-65.165834,-26.821468],[-65.165695,-26.821161],[-65.165695,-26.821161],[-65.16555,-26.820839],[-65.165489,-26.820334]]]]}},{"type":"Feature","properties":{"nombre":"Ampliacion Obispo Piedrabuena","id":283,"tipo":"Barrio","distrito":"Distrito 8","circuito":"14","hectareas":19.096},"geometry":{"type":"MultiPolygon","coordinates":[[[[-65.17967,-26.81667],[-65.176648,-26.81717],[-65.177677,-26.821406],[-65.178022,-26.822831],[-65.17943,-26.822574],[-65.180851,-26.822314],[-65.180599,-26.820857],[-65.17967,-26.81667]]]]}},{"type":"Feature","properties":{"nombre":"76 Viviendas (Ex Refinor)","id":390,"tipo":"Barrio","distrito":"Distrito 15","circuito":"9A","hectareas":4.925},"geometry":{"type":"MultiPolygon","coordinates":[[[[-65.218277,-26.848215],[-65.217205,-26.848435],[-65.217562,-26.84985],[-65.218686,-26.849595],[-65.220598,-26.849161],[-65.2203,-26.847799],[-65.219553,-26.847953],[-65.218277,-26.848215]]]]}},{"type":"Feature","properties":{"nombre":"San Nicolas","id":448,"tipo":"Barrio","distrito":"Distrito 15","circuito":"20","hectareas":20.595},"geometry":{"type":"MultiPolygon","coordinates":[[[[-65.224454,-26.859487],[-65.224301,-26.859183],[-65.222721,-26.859552],[-65.221309,-26.859891],[-65.220476,-26.860083],[-65.219865,-26.860203],[-65.219184,-26.860336],[-65.21987,-26.86228],[-65.220306,-26.863598],[-65.225459,-26.862629],[-65.224995,-26.860566],[-65.224595,-26.859769],[-65.224454,-26.859487]]]]}},{"type":"Feature","properties":{"nombre":"16 de Junio","id":378,"tipo":"Barrio","distrito":"Distrito 4","circuito":"15A","hectareas":1.953},"geometry":{"type":"MultiPolygon","coordinates":[[[[-65.21564,-26.791],[-65.215645,-26.790666],[-65.215665,-26.789479],[-65.215217,-26.789481],[-65.21471,-26.790334],[-65.214368,-26.790637],[-65.213887,-26.791064],[-65.213956,-26.79135],[-65.21564,-26.791]]]]}},{"type":"Feature","properties":{"nombre":"Coofaral (Farmaceutico)","id":72,"tipo":"Barrio","distrito":"Distrito 1","circuito":"15B","hectareas":9.365},"geometry":{"type":"MultiPolygon","coordinates":[[[[-65.254069,-26.796891],[-65.254245,-26.797355],[-65.25562,-26.796932],[-65.254862,-26.794838],[-65.256477,-26.794354],[-65.256291,-26.793848],[-65.25629,-26.793848],[-65.25095,-26.795448],[-65.250951,-26.79545],[-65.251135,-26.795646],[-65.251708,-26.796257],[-65.252394,-26.796988],[-65.252394,-26.796988],[-65.254069,-26.796891]]]]}},{"type":"Feature","properties":{"nombre":"Altos de America (Sociedad Mejail SACIFIA y M)","id":14,"tipo":"Barrio","distrito":"Distrito 1","circuito":"15B","hectareas":4.388},"geometry":{"type":"MultiPolygon","coordinates":[[[[-65.246936,-26.791742],[-65.246489,-26.791403],[-65.244287,-26.789733],[-65.243736,-26.789837],[-65.243794,-26.790107],[-65.244023,-26.791177],[-65.244247,-26.792193],[-65.244328,-26.79218],[-65.246936,-26.791742],[-65.246936,-26.791742]]]]}},{"type":"Feature","properties":{"nombre":"72 Viviendas IPVDU","id":389,"tipo":"Barrio","distrito":"Distrito 17","circuito":"18G","hectareas":3.283},"geometry":{"type":"MultiPolygon","coordinates":[[[[-65.254782,-26.84924],[-65.252069,-26.849766],[-65.25215,-26.849834],[-65.252183,-26.849861],[-65.252373,-26.850021],[-65.252423,-26.850062],[-65.252655,-26.850257],[-65.252758,-26.850306],[-65.252901,-26.850374],[-65.25309,-26.8505],[-65.253149,-26.850542],[-65.253258,-26.850619],[-65.25335,-26.850839],[-65.253359,-26.85084],[-65.253406,-26.850843],[-65.253547,-26.850853],[-65.253854,-26.850795],[-65.25511,-26.850557],[-65.254887,-26.849648],[-65.25482,-26.849385],[-65.254782,-26.84924]]]]}},{"type":"Feature","properties":{"nombre":"Rosa Mistica","id":418,"tipo":"Barrio","distrito":"Distrito 17","circuito":"18G","hectareas":3.219},"geometry":{"type":"MultiPolygon","coordinates":[[[[-65.249631,-26.851876],[-65.249034,-26.853121],[-65.248233,-26.853878],[-65.248451,-26.853879],[-65.249186,-26.853739],[-65.250968,-26.853398],[-65.250838,-26.852952],[-65.250491,-26.85175],[-65.25049,-26.851747],[-65.250365,-26.851766],[-65.249631,-26.851876]]]]}},{"type":"Feature","properties":{"nombre":"Crucero Ara General Belgrano","id":39,"tipo":"Barrio","distrito":"Distrito 19","circuito":"21","hectareas":22.7},"geometry":{"type":"MultiPolygon","coordinates":[[[[-65.223148,-26.873478],[-65.223081,-26.873333],[-65.221255,-26.873706],[-65.21519,-26.874856],[-65.216724,-26.877238],[-65.223451,-26.875966],[-65.224215,-26.875826],[-65.223366,-26.873956],[-65.223148,-26.873478],[-65.223148,-26.873478]]]]}},{"type":"Feature","properties":{"nombre":"SEOC-Sindicato Empleados y Obreros del Comercio","id":463,"tipo":"Barrio","distrito":"Distrito 7","circuito":"14C","hectareas":9.405},"geometry":{"type":"MultiPolygon","coordinates":[[[[-65.18039,-26.801212],[-65.180302,-26.800829],[-65.180195,-26.800364],[-65.179968,-26.79937],[-65.179753,-26.799407],[-65.179125,-26.799542],[-65.178845,-26.799603],[-65.178575,-26.799661],[-65.177442,-26.799871],[-65.176726,-26.800005],[-65.176042,-26.800132],[-65.17631,-26.801182],[-65.176582,-26.80225],[-65.17716,-26.802128],[-65.177711,-26.802017],[-65.178417,-26.80187],[-65.179108,-26.801727],[-65.180444,-26.80145],[-65.18039,-26.801212],[-65.18039,-26.801212]]]]}},{"type":"Feature","properties":{"nombre":"Los Andes","id":141,"tipo":"Barrio","distrito":"Distrito 4","circuito":"15A","hectareas":71.951},"geometry":{"type":"MultiPolygon","coordinates":[[[[-65.222449,-26.789529],[-65.222152,-26.789593],[-65.221033,-26.789839],[-65.220827,-26.789884],[-65.221076,-26.790846],[-65.221312,-26.791672],[-65.219955,-26.791981],[-65.22015,-26.792631],[-65.220324,-26.793285],[-65.220511,-26.79393],[-65.219227,-26.794221],[-65.218095,-26.794448],[-65.216335,-26.794813],[-65.214968,-26.795071],[-65.214796,-26.794468],[-65.214657,-26.793965],[-65.214417,-26.793121],[-65.214349,-26.792892],[-65.21387,-26.792983],[-65.214131,-26.794282],[-65.210908,-26.79492],[-65.210601,-26.795557],[-65.210601,-26.795557],[-65.210765,-26.796259],[-65.210917,-26.796905],[-65.211222,-26.798205],[-65.211578,-26.799836],[-65.211896,-26.80108],[-65.21267,-26.800934],[-65.213321,-26.800806],[-65.214054,-26.800667],[-65.214754,-26.800525],[-65.216216,-26.800253],[-65.217529,-26.800013],[-65.217803,-26.800264],[-65.217941,-26.800091],[-65.218147,-26.799833],[-65.219003,-26.798761],[-65.219389,-26.798303],[-65.220156,-26.797303],[-65.220156,-26.797303],[-65.220609,-26.796831],[-65.22064,-26.796739],[-65.223472,-26.793166],[-65.222689,-26.790461],[-65.222449,-26.789529]]]]}},{"type":"Feature","properties":{"nombre":"San Cayetano norte","id":428,"tipo":"Barrio","distrito":"Distrito 16","circuito":"10A","hectareas":41.061},"geometry":{"type":"MultiPolygon","coordinates":[[[[-65.197272,-26.849381],[-65.196102,-26.851002],[-65.194455,-26.853283],[-65.19343,-26.854702],[-65.193223,-26.85499],[-65.19529,-26.855002],[-65.199134,-26.854114],[-65.19933,-26.854653],[-65.199446,-26.855014],[-65.199157,-26.854114],[-65.201482,-26.853576],[-65.201482,-26.853576],[-65.201531,-26.85356],[-65.201558,-26.853528],[-65.201154,-26.851853],[-65.201012,-26.851265],[-65.200993,-26.851185],[-65.200779,-26.850297],[-65.200556,-26.849377],[-65.200489,-26.849098],[-65.199561,-26.845252],[-65.197696,-26.845802],[-65.198221,-26.847214],[-65.19808,-26.847461],[-65.198466,-26.847727],[-65.197272,-26.849381]]]]}},{"type":"Feature","properties":{"nombre":"Sur","id":468,"tipo":"Barrio","distrito":"Distrito 10","circuito":"4","hectareas":237.528},"geometry":{"type":"MultiPolygon","coordinates":[[[[-65.218615,-26.828204],[-65.217225,-26.828558],[-65.21591,-26.828894],[-65.215525,-26.82899],[-65.215525,-26.82899],[-65.214017,-26.829237],[-65.212597,-26.829504],[-65.212468,-26.829528],[-65.210924,-26.829826],[-65.211199,-26.830979],[-65.211584,-26.832462],[-65.211941,-26.833846],[-65.212233,-26.835029],[-65.210637,-26.835339],[-65.209043,-26.835686],[-65.20764,-26.836011],[-65.20605,-26.836379],[-65.204536,-26.836722],[-65.203107,-26.837076],[-65.202771,-26.835648],[-65.202467,-26.834273],[-65.202136,-26.832942],[-65.200649,-26.833269],[-65.199131,-26.833619],[-65.197609,-26.833932],[-65.197609,-26.833932],[-65.197479,-26.833961],[-65.19804,-26.836269],[-65.198174,-26.83682],[-65.198494,-26.838136],[-65.198695,-26.83896],[-65.199093,-26.840587],[-65.199185,-26.840966],[-65.19945,-26.84205],[-65.199573,-26.842552],[-65.199693,-26.843045],[-65.199818,-26.843557],[-65.200093,-26.84468],[-65.200577,-26.844583],[-65.201677,-26.844368],[-65.203237,-26.844064],[-65.204753,-26.843775],[-65.206195,-26.843486],[-65.207858,-26.843161],[-65.209428,-26.842855],[-65.210812,-26.842584],[-65.212098,-26.842333],[-65.213195,-26.842119],[-65.214015,-26.841959],[-65.215574,-26.841655],[-65.216298,-26.841513],[-65.21729,-26.841319],[-65.218156,-26.84115],[-65.21861,-26.841062],[-65.219438,-26.840885],[-65.220072,-26.840749],[-65.221476,-26.840449],[-65.221192,-26.839205],[-65.220773,-26.83744],[-65.220045,-26.834325],[-65.21963,-26.832546],[-65.219238,-26.830871],[-65.218957,-26.829666],[-65.218615,-26.828204]]]]}},{"type":"Feature","properties":{"nombre":"La Mago","id":128,"tipo":"Barrio","distrito":"Distrito 9","circuito":"18","hectareas":22.101},"geometry":{"type":"MultiPolygon","coordinates":[[[[-65.253245,-26.834209],[-65.253385,-26.834183],[-65.253561,-26.83415],[-65.253929,-26.83408],[-65.254153,-26.834038],[-65.254495,-26.833973],[-65.2556,-26.833991],[-65.257178,-26.834105],[-65.258785,-26.834228],[-65.25886,-26.834068],[-65.25898,-26.833815],[-65.260178,-26.831213],[-65.258895,-26.8308],[-65.258108,-26.830561],[-65.257289,-26.830543],[-65.256654,-26.830529],[-65.256276,-26.830521],[-65.255569,-26.830505],[-65.254977,-26.830395],[-65.254639,-26.830332],[-65.254353,-26.830279],[-65.254064,-26.830286],[-65.253614,-26.830298],[-65.252555,-26.830507],[-65.250898,-26.830834],[-65.25129,-26.832346],[-65.251369,-26.832644],[-65.251582,-26.833471],[-65.251842,-26.834474],[-65.252258,-26.834395],[-65.253245,-26.834209]]]]}},{"type":"Feature","properties":{"nombre":"SMATA","id":466,"tipo":"Barrio","distrito":"Distrito 12","circuito":"18A","hectareas":3.223},"geometry":{"type":"MultiPolygon","coordinates":[[[[-65.266399,-26.834038],[-65.265982,-26.834084],[-65.264823,-26.834205],[-65.264856,-26.834504],[-65.264865,-26.834647],[-65.264877,-26.834766],[-65.264873,-26.834766],[-65.264886,-26.835123],[-65.264903,-26.835441],[-65.264928,-26.835896],[-65.266912,-26.835679],[-65.266912,-26.835679],[-65.266772,-26.835232],[-65.266703,-26.835012],[-65.266591,-26.834653],[-65.266515,-26.83441],[-65.266399,-26.834038],[-65.266399,-26.834038]]]]}},{"type":"Feature","properties":{"nombre":"Estacion 24 de Setiembre","id":98,"tipo":"Barrio","distrito":"Distrito 13","circuito":"18D","hectareas":5.829},"geometry":{"type":"MultiPolygon","coordinates":[[[[-65.244682,-26.835831],[-65.241735,-26.83635],[-65.238718,-26.836988],[-65.238914,-26.837814],[-65.24221,-26.83717],[-65.243972,-26.836826],[-65.244777,-26.836669],[-65.244891,-26.836646],[-65.244891,-26.836646],[-65.244776,-26.836201],[-65.244721,-26.835989],[-65.244682,-26.835831]]]]}},{"type":"Feature","properties":{"nombre":"Floresta","id":107,"tipo":"Barrio","distrito":"Distrito 9","circuito":"18","hectareas":82.528},"geometry":{"type":"MultiPolygon","coordinates":[[[[-65.241166,-26.823129],[-65.23215,-26.825113],[-65.232883,-26.827882],[-65.233234,-26.829207],[-65.234429,-26.833979],[-65.238977,-26.833034],[-65.240715,-26.832673],[-65.239791,-26.829153],[-65.242683,-26.828551],[-65.242331,-26.827248],[-65.241966,-26.825957],[-65.241869,-26.825615],[-65.241537,-26.824439],[-65.241166,-26.823129]]]]}},{"type":"Feature","properties":{"nombre":"San Bernardo","id":426,"tipo":"Barrio","distrito":"Distrito 9","circuito":"18","hectareas":12.161},"geometry":{"type":"MultiPolygon","coordinates":[[[[-65.242683,-26.828551],[-65.239791,-26.829153],[-65.240715,-26.832673],[-65.243695,-26.832209],[-65.243037,-26.829856],[-65.242999,-26.829721],[-65.242683,-26.828551]]]]}},{"type":"Feature","properties":{"nombre":"Los Alamos","id":140,"tipo":"Barrio","distrito":"Distrito 9","circuito":"18","hectareas":11.188},"geometry":{"type":"MultiPolygon","coordinates":[[[[-65.243506,-26.822615],[-65.241166,-26.823129],[-65.241537,-26.824439],[-65.241662,-26.824884],[-65.241982,-26.826013],[-65.242331,-26.827248],[-65.244327,-26.826907],[-65.244632,-26.826855],[-65.244234,-26.825459],[-65.243972,-26.824445],[-65.243506,-26.822615]]]]}},{"type":"Feature","properties":{"nombre":"San Martin de Porres","id":443,"tipo":"Barrio","distrito":"Distrito 9","circuito":"17","hectareas":53.252},"geometry":{"type":"MultiPolygon","coordinates":[[[[-65.246856,-26.816511],[-65.243401,-26.817251],[-65.24418,-26.818589],[-65.244263,-26.818737],[-65.244341,-26.819073],[-65.243295,-26.81929],[-65.242728,-26.817387],[-65.239778,-26.81798],[-65.241166,-26.823129],[-65.246007,-26.822066],[-65.250978,-26.820959],[-65.250796,-26.820247],[-65.250563,-26.819493],[-65.250039,-26.817018],[-65.249777,-26.815867],[-65.246856,-26.816511]],[[-65.246847,-26.82027],[-65.246376,-26.818396],[-65.246201,-26.817708],[-65.24726,-26.817512],[-65.247439,-26.81809],[-65.247589,-26.818572],[-65.248044,-26.820034],[-65.246847,-26.82027]]]]}},{"type":"Feature","properties":{"nombre":"San Miguel (Oeste)","id":445,"tipo":"Barrio","distrito":"Distrito 17","circuito":"18G","hectareas":29.359},"geometry":{"type":"MultiPolygon","coordinates":[[[[-65.2624,-26.8552],[-65.2624,-26.8552],[-65.262356,-26.85519],[-65.262082,-26.855133],[-65.25952,-26.855629],[-65.259693,-26.856501],[-65.25976,-26.856768],[-65.259984,-26.857746],[-65.260121,-26.858387],[-65.260137,-26.858455],[-65.26014,-26.858461],[-65.260135,-26.858461],[-65.26011,-26.858496],[-65.26011,-26.858497],[-65.260926,-26.862075],[-65.263344,-26.861644],[-65.265288,-26.861298],[-65.265292,-26.861298],[-65.265288,-26.861278],[-65.264734,-26.85899],[-65.264566,-26.85835],[-65.26437,-26.85764],[-65.264367,-26.857629],[-65.264141,-26.856939],[-65.263525,-26.856429],[-65.262602,-26.856574],[-65.262482,-26.855893],[-65.262401,-26.8552],[-65.2624,-26.8552]]]]}},{"type":"Feature","properties":{"nombre":"El Chivero","id":253,"tipo":"Barrio","distrito":"Distrito 5","circuito":"13","hectareas":8.945},"geometry":{"type":"MultiPolygon","coordinates":[[[[-65.21242,-26.807048],[-65.212532,-26.806756],[-65.212399,-26.806923],[-65.212213,-26.807158],[-65.212128,-26.807266],[-65.211823,-26.80765],[-65.211763,-26.807726],[-65.211732,-26.807766],[-65.211373,-26.808218],[-65.211257,-26.808365],[-65.21087,-26.808852],[-65.210366,-26.809488],[-65.210049,-26.809884],[-65.209092,-26.811069],[-65.208503,-26.811799],[-65.208994,-26.812477],[-65.209299,-26.812898],[-65.21055,-26.812583],[-65.210987,-26.812082],[-65.211187,-26.811635],[-65.211453,-26.811042],[-65.21156,-26.810156],[-65.211635,-26.809534],[-65.211683,-26.809138],[-65.211699,-26.809002],[-65.211713,-26.808888],[-65.211836,-26.808567],[-65.211942,-26.808292],[-65.212172,-26.807693],[-65.21242,-26.807048]]]]}},{"type":"Feature","properties":{"nombre":"Ampliacion Juan XXIII","id":26,"tipo":"Barrio","distrito":"Distrito 4","circuito":"15","hectareas":18.175},"geometry":{"type":"MultiPolygon","coordinates":[[[[-65.227144,-26.80633],[-65.226772,-26.805044],[-65.223495,-26.805727],[-65.223422,-26.805489],[-65.222677,-26.805705],[-65.222592,-26.805845],[-65.222576,-26.805873],[-65.222574,-26.805876],[-65.219619,-26.806437],[-65.219974,-26.807678],[-65.222409,-26.807204],[-65.222826,-26.808675],[-65.224877,-26.808231],[-65.225029,-26.808198],[-65.227511,-26.807657],[-65.227289,-26.806868],[-65.227144,-26.80633]]]]}},{"type":"Feature","properties":{"nombre":"Alberdi norte","id":9,"tipo":"Barrio","distrito":"Distrito 4","circuito":"15A","hectareas":21.175},"geometry":{"type":"MultiPolygon","coordinates":[[[[-65.223528,-26.79337],[-65.2235,-26.793265],[-65.223472,-26.793166],[-65.222585,-26.794323],[-65.22064,-26.796739],[-65.220609,-26.796831],[-65.220156,-26.797303],[-65.220156,-26.797303],[-65.219389,-26.798303],[-65.219003,-26.798761],[-65.218147,-26.799833],[-65.21828,-26.799832],[-65.218394,-26.79981],[-65.218517,-26.799786],[-65.222904,-26.798929],[-65.224949,-26.798519],[-65.224923,-26.798424],[-65.224706,-26.797637],[-65.224658,-26.797463],[-65.224513,-26.796939],[-65.224513,-26.796939],[-65.224298,-26.796159],[-65.223623,-26.793712],[-65.223528,-26.79337]]]]}},{"type":"Feature","properties":{"nombre":"Vialidad","id":478,"tipo":"Barrio","distrito":"Distrito 16","circuito":"10A","hectareas":4.777},"geometry":{"type":"MultiPolygon","coordinates":[[[[-65.192771,-26.856347],[-65.192437,-26.856686],[-65.192318,-26.857055],[-65.192309,-26.857437],[-65.192589,-26.858584],[-65.192606,-26.858875],[-65.19259,-26.859154],[-65.19245,-26.859795],[-65.19255,-26.860264],[-65.193022,-26.860845],[-65.194295,-26.860518],[-65.193479,-26.858356],[-65.193296,-26.8584],[-65.192848,-26.856648],[-65.192771,-26.856347]]]]}},{"type":"Feature","properties":{"nombre":"Ampliacion Ex Aeropuerto","id":23,"tipo":"Barrio","distrito":"Distrito 11","circuito":"10","hectareas":4.531},"geometry":{"type":"MultiPolygon","coordinates":[[[[-65.192154,-26.843087],[-65.19166,-26.843139],[-65.191472,-26.843159],[-65.191631,-26.84386],[-65.191798,-26.844565],[-65.191734,-26.844823],[-65.191591,-26.845404],[-65.191485,-26.845831],[-65.191401,-26.846174],[-65.191248,-26.846793],[-65.191209,-26.847619],[-65.191945,-26.847399],[-65.19289,-26.847135],[-65.192892,-26.846416],[-65.192893,-26.846246],[-65.192893,-26.846229],[-65.192897,-26.844989],[-65.192903,-26.843116],[-65.192904,-26.843095],[-65.192409,-26.843076],[-65.192154,-26.843087]]]]}},{"type":"Feature","properties":{"nombre":"Ampliacion Sarmiento","id":32,"tipo":"Barrio","distrito":"Distrito 11","circuito":"10","hectareas":1.538},"geometry":{"type":"MultiPolygon","coordinates":[[[[-65.185023,-26.837926],[-65.184514,-26.838018],[-65.184905,-26.839768],[-65.185676,-26.839666],[-65.185698,-26.839663],[-65.185613,-26.839175],[-65.185481,-26.838495],[-65.185474,-26.838487],[-65.185338,-26.838318],[-65.185321,-26.838296],[-65.185153,-26.838087],[-65.185023,-26.837926]]]]}},{"type":"Feature","properties":{"nombre":"Ampliacion Tiro Federal","id":35,"tipo":"Barrio","distrito":"Distrito 11","circuito":"10","hectareas":3.224},"geometry":{"type":"MultiPolygon","coordinates":[[[[-65.182272,-26.841212],[-65.182089,-26.840329],[-65.181361,-26.840423],[-65.181402,-26.840611],[-65.178408,-26.841274],[-65.178657,-26.841976],[-65.179656,-26.841751],[-65.182272,-26.841212]]]]}},{"type":"Feature","properties":{"nombre":"San Miguel I","id":447,"tipo":"Barrio","distrito":"Distrito 11","circuito":"10","hectareas":4.588},"geometry":{"type":"MultiPolygon","coordinates":[[[[-65.182027,-26.840029],[-65.181934,-26.839586],[-65.181864,-26.839246],[-65.181523,-26.839318],[-65.181182,-26.839389],[-65.180379,-26.839559],[-65.180396,-26.839731],[-65.179272,-26.84003],[-65.17888,-26.840134],[-65.178061,-26.84037],[-65.178408,-26.841274],[-65.179207,-26.841084],[-65.181402,-26.840611],[-65.181361,-26.840423],[-65.182089,-26.840329],[-65.182027,-26.840029]]]]}},{"type":"Feature","properties":{"nombre":"San Miguel (Este)","id":446,"tipo":"Barrio","distrito":"Distrito 11","circuito":"10","hectareas":4.431},"geometry":{"type":"MultiPolygon","coordinates":[[[[-65.181619,-26.838071],[-65.181266,-26.838287],[-65.180822,-26.838371],[-65.180087,-26.83851],[-65.180148,-26.838886],[-65.178659,-26.839176],[-65.177821,-26.839322],[-65.178061,-26.84037],[-65.17887,-26.840137],[-65.179272,-26.84003],[-65.180396,-26.839731],[-65.180379,-26.839559],[-65.181864,-26.839246],[-65.181703,-26.838595],[-65.181619,-26.838071]]]]}},{"type":"Feature","properties":{"nombre":"2 de Abril","id":382,"tipo":"Barrio","distrito":"Distrito 11","circuito":"11A","hectareas":6.523},"geometry":{"type":"MultiPolygon","coordinates":[[[[-65.172983,-26.825193],[-65.172746,-26.825248],[-65.172555,-26.825293],[-65.172258,-26.825365],[-65.170917,-26.825705],[-65.170348,-26.82587],[-65.170081,-26.825968],[-65.169862,-26.826049],[-65.170464,-26.826453],[-65.170639,-26.826988],[-65.170754,-26.827381],[-65.170845,-26.827663],[-65.17141,-26.82755],[-65.172028,-26.827426],[-65.17273,-26.827286],[-65.173232,-26.827185],[-65.173773,-26.827077],[-65.173576,-26.826267],[-65.173055,-26.825176],[-65.172983,-26.825193]]]]}},{"type":"Feature","properties":{"nombre":"Villa Muñecas (Estacion Muñecas - Las Palmeras)","id":489,"tipo":"Barrio","distrito":"Distrito 2","circuito":"15B","hectareas":65.739},"geometry":{"type":"MultiPolygon","coordinates":[[[[-65.240312,-26.785926],[-65.239609,-26.786019],[-65.239188,-26.786075],[-65.238829,-26.786123],[-65.238058,-26.786225],[-65.237877,-26.786249],[-65.237779,-26.786262],[-65.237222,-26.786336],[-65.235819,-26.786522],[-65.234777,-26.786805],[-65.234217,-26.786957],[-65.234046,-26.787004],[-65.233837,-26.78706],[-65.233658,-26.787109],[-65.233447,-26.787166],[-65.232696,-26.78737],[-65.232696,-26.787615],[-65.232696,-26.787615],[-65.232693,-26.787625],[-65.232691,-26.787794],[-65.232883,-26.788465],[-65.233004,-26.788872],[-65.233024,-26.788938],[-65.233166,-26.789426],[-65.233171,-26.789424],[-65.233348,-26.790175],[-65.233633,-26.79139],[-65.233784,-26.792034],[-65.234273,-26.79408],[-65.235728,-26.793751],[-65.235465,-26.792582],[-65.235433,-26.792454],[-65.239585,-26.791673],[-65.241514,-26.791293],[-65.241517,-26.791309],[-65.24152,-26.791309],[-65.241367,-26.790369],[-65.241343,-26.790241],[-65.24128,-26.789838],[-65.240929,-26.787683],[-65.24159,-26.787344],[-65.241868,-26.787201],[-65.242139,-26.787394],[-65.242664,-26.788253],[-65.243117,-26.788614],[-65.243542,-26.788953],[-65.243391,-26.788248],[-65.243134,-26.787042],[-65.243076,-26.78677],[-65.243468,-26.786661],[-65.243917,-26.786535],[-65.244208,-26.786454],[-65.244483,-26.786245],[-65.244965,-26.785879],[-65.246663,-26.785456],[-65.249953,-26.784635],[-65.249953,-26.784635],[-65.249509,-26.784166],[-65.249638,-26.783982],[-65.248969,-26.78327],[-65.245161,-26.7842],[-65.242661,-26.784829],[-65.241554,-26.785074],[-65.241558,-26.785129],[-65.241577,-26.785199],[-65.241548,-26.785288],[-65.24154,-26.785617],[-65.241139,-26.785718],[-65.240312,-26.785926]]]]}},{"type":"Feature","properties":{"nombre":"FEPUT","id":105,"tipo":"Barrio","distrito":"Distrito 2","circuito":"15B","hectareas":15.317},"geometry":{"type":"MultiPolygon","coordinates":[[[[-65.241868,-26.787201],[-65.24159,-26.787344],[-65.240929,-26.787683],[-65.241022,-26.788168],[-65.2411,-26.788679],[-65.241173,-26.789155],[-65.241262,-26.789723],[-65.24128,-26.789838],[-65.241343,-26.790241],[-65.241367,-26.790369],[-65.241437,-26.790749],[-65.24152,-26.791309],[-65.241716,-26.792555],[-65.241899,-26.793667],[-65.244001,-26.793255],[-65.244445,-26.793168],[-65.244387,-26.792895],[-65.244345,-26.792693],[-65.244258,-26.792242],[-65.244247,-26.792193],[-65.244023,-26.791177],[-65.243794,-26.790107],[-65.243736,-26.789837],[-65.243542,-26.788953],[-65.243117,-26.788614],[-65.242664,-26.788253],[-65.242139,-26.787394],[-65.241868,-26.787201]]]]}},{"type":"Feature","properties":{"nombre":"Canal norte II","id":58,"tipo":"Barrio","distrito":"Distrito 5","circuito":"13A","hectareas":47.907},"geometry":{"type":"MultiPolygon","coordinates":[[[[-65.241548,-26.785288],[-65.241577,-26.785199],[-65.241558,-26.785129],[-65.241554,-26.785074],[-65.241544,-26.784926],[-65.241514,-26.784488],[-65.241231,-26.784649],[-65.240767,-26.785051],[-65.24011,-26.785315],[-65.239792,-26.785408],[-65.239505,-26.785491],[-65.238856,-26.785679],[-65.238391,-26.785756],[-65.236959,-26.785998],[-65.235333,-26.786257],[-65.233702,-26.786546],[-65.233696,-26.786547],[-65.23346,-26.786589],[-65.233266,-26.786718],[-65.233044,-26.78686],[-65.232746,-26.787053],[-65.232598,-26.78715],[-65.232579,-26.787176],[-65.232433,-26.787209],[-65.231875,-26.787339],[-65.2315,-26.787426],[-65.230802,-26.787587],[-65.229941,-26.787787],[-65.229256,-26.787895],[-65.22858,-26.788002],[-65.22742,-26.788186],[-65.226699,-26.7883],[-65.225329,-26.788575],[-65.224573,-26.788726],[-65.22415,-26.788777],[-65.223202,-26.78889],[-65.222604,-26.788757],[-65.222257,-26.78862],[-65.221911,-26.78848],[-65.221749,-26.788404],[-65.221019,-26.787794],[-65.220435,-26.787326],[-65.220046,-26.787136],[-65.219459,-26.786851],[-65.219002,-26.786708],[-65.218386,-26.786692],[-65.217685,-26.786768],[-65.217295,-26.786873],[-65.216549,-26.787246],[-65.216282,-26.787441],[-65.215987,-26.787699],[-65.215768,-26.788081],[-65.21551,-26.788519],[-65.215306,-26.788854],[-65.215089,-26.78921],[-65.214685,-26.789851],[-65.214623,-26.789948],[-65.214462,-26.790135],[-65.214264,-26.790365],[-65.214034,-26.790632],[-65.213456,-26.790973],[-65.213138,-26.791066],[-65.212417,-26.791277],[-65.210938,-26.791422],[-65.210919,-26.791413],[-65.209161,-26.791524],[-65.208051,-26.791594],[-65.206839,-26.79167],[-65.205955,-26.791725],[-65.204107,-26.791842],[-65.200767,-26.792049],[-65.198938,-26.792166],[-65.198027,-26.792447],[-65.197725,-26.79254],[-65.197536,-26.792648],[-65.19721,-26.792834],[-65.196721,-26.793116],[-65.196425,-26.793264],[-65.196473,-26.793527],[-65.196238,-26.79375],[-65.196083,-26.794106],[-65.195686,-26.79502],[-65.20041,-26.794083],[-65.20572,-26.792999],[-65.210303,-26.792144],[-65.210303,-26.792144],[-65.213956,-26.79135],[-65.213887,-26.791064],[-65.214316,-26.790684],[-65.214368,-26.790637],[-65.21471,-26.790334],[-65.215217,-26.789481],[-65.215621,-26.788801],[-65.215684,-26.788694],[-65.215753,-26.788579],[-65.216081,-26.788025],[-65.216207,-26.787814],[-65.2166,-26.787443],[-65.216849,-26.788537],[-65.216991,-26.789224],[-65.217148,-26.789887],[-65.217315,-26.790652],[-65.217324,-26.79065],[-65.217434,-26.790625],[-65.21825,-26.790441],[-65.219158,-26.790237],[-65.218984,-26.789508],[-65.218809,-26.788771],[-65.21877,-26.788608],[-65.218454,-26.787136],[-65.21998,-26.787616],[-65.221074,-26.788554],[-65.222152,-26.789593],[-65.222449,-26.789529],[-65.22289,-26.789445],[-65.223548,-26.789307],[-65.224287,-26.78918],[-65.226157,-26.788826],[-65.22665,-26.788736],[-65.22686,-26.788694],[-65.228221,-26.788446],[-65.228618,-26.788372],[-65.232696,-26.787615],[-65.232696,-26.787615],[-65.232696,-26.78737],[-65.233447,-26.787166],[-65.233658,-26.787109],[-65.233837,-26.78706],[-65.234046,-26.787004],[-65.234217,-26.786957],[-65.234777,-26.786805],[-65.235819,-26.786522],[-65.237222,-26.786336],[-65.237779,-26.786262],[-65.237877,-26.786249],[-65.238058,-26.786225],[-65.238829,-26.786123],[-65.239188,-26.786075],[-65.239609,-26.786019],[-65.240312,-26.785926],[-65.241139,-26.785718],[-65.241434,-26.785643],[-65.24154,-26.785617],[-65.24154,-26.78531],[-65.241548,-26.785288]]]]}},{"type":"Feature","properties":{"nombre":"1° de Julio","id":380,"tipo":"Barrio","distrito":"Distrito 4","circuito":"15A","hectareas":4.494},"geometry":{"type":"MultiPolygon","coordinates":[[[[-65.2166,-26.787443],[-65.216207,-26.787814],[-65.216081,-26.788025],[-65.215753,-26.788579],[-65.215684,-26.788694],[-65.215617,-26.788807],[-65.215217,-26.789481],[-65.215665,-26.789479],[-65.215643,-26.790793],[-65.215641,-26.790911],[-65.21564,-26.791],[-65.216337,-26.790829],[-65.217315,-26.790652],[-65.217148,-26.789887],[-65.216991,-26.789224],[-65.216849,-26.788537],[-65.2166,-26.787443]]]]}},{"type":"Feature","properties":{"nombre":"Canal norte I","id":57,"tipo":"Barrio","distrito":"Distrito 6","circuito":"12A","hectareas":8.976},"geometry":{"type":"MultiPolygon","coordinates":[[[[-65.191585,-26.794909],[-65.191878,-26.794829],[-65.193061,-26.794504],[-65.19327,-26.795486],[-65.194536,-26.795242],[-65.195686,-26.79502],[-65.196083,-26.794106],[-65.196238,-26.79375],[-65.196473,-26.793527],[-65.196425,-26.793264],[-65.196339,-26.793309],[-65.19552,-26.793591],[-65.194696,-26.793868],[-65.193012,-26.794265],[-65.192693,-26.79434],[-65.19197,-26.794511],[-65.191569,-26.794606],[-65.190288,-26.794911],[-65.189308,-26.795144],[-65.188134,-26.795422],[-65.188218,-26.795714],[-65.188222,-26.795725],[-65.188475,-26.796411],[-65.191792,-26.795771],[-65.191585,-26.794909]]]]}},{"type":"Feature","properties":{"nombre":"Policial I","id":413,"tipo":"Barrio","distrito":"Distrito 6","circuito":"12A","hectareas":1.58},"geometry":{"type":"MultiPolygon","coordinates":[[[[-65.19327,-26.795486],[-65.193061,-26.794504],[-65.191878,-26.794829],[-65.191585,-26.794909],[-65.191792,-26.795771],[-65.19327,-26.795486]]]]}},{"type":"Feature","properties":{"nombre":"La Canchita","id":127,"tipo":"Barrio","distrito":"Distrito 19","circuito":"21","hectareas":2.517},"geometry":{"type":"MultiPolygon","coordinates":[[[[-65.223004,-26.873163],[-65.222812,-26.872737],[-65.222535,-26.872123],[-65.220908,-26.872429],[-65.221033,-26.872864],[-65.22112,-26.873168],[-65.221214,-26.873495],[-65.221273,-26.873702],[-65.223081,-26.873333],[-65.223004,-26.873163],[-65.223004,-26.873163]]]]}},{"type":"Feature","properties":{"nombre":"El Trebol","id":96,"tipo":"Barrio","distrito":"Distrito 11","circuito":"11A","hectareas":8.656},"geometry":{"type":"MultiPolygon","coordinates":[[[[-65.174695,-26.830862],[-65.174271,-26.830945],[-65.172341,-26.831321],[-65.172593,-26.83171],[-65.171922,-26.831979],[-65.172267,-26.832537],[-65.172267,-26.832537],[-65.172645,-26.833148],[-65.173379,-26.834336],[-65.173849,-26.834232],[-65.174225,-26.834149],[-65.174384,-26.834108],[-65.174997,-26.833996],[-65.175427,-26.833912],[-65.175043,-26.832312],[-65.174695,-26.830862]]]]}},{"type":"Feature","properties":{"nombre":"Nuevo Horizonte","id":168,"tipo":"Barrio","distrito":"Distrito 11","circuito":"11A","hectareas":4.061},"geometry":{"type":"MultiPolygon","coordinates":[[[[-65.172911,-26.82521],[-65.173055,-26.825176],[-65.172815,-26.8248],[-65.172621,-26.824598],[-65.172176,-26.824377],[-65.172176,-26.824377],[-65.171849,-26.824422],[-65.17152,-26.824468],[-65.169365,-26.825053],[-65.168794,-26.825187],[-65.168987,-26.825477],[-65.169479,-26.825793],[-65.169862,-26.826049],[-65.170081,-26.825968],[-65.170348,-26.82587],[-65.170917,-26.825705],[-65.17161,-26.825522],[-65.172429,-26.825322],[-65.172606,-26.825281],[-65.172606,-26.825281],[-65.172911,-26.82521]]]]}},{"type":"Feature","properties":{"nombre":"Obispo Colombres","id":169,"tipo":"Barrio","distrito":"Distrito 11","circuito":"11A","hectareas":6.063},"geometry":{"type":"MultiPolygon","coordinates":[[[[-65.173773,-26.827077],[-65.173232,-26.827185],[-65.172897,-26.827252],[-65.172328,-26.827366],[-65.171655,-26.827501],[-65.170845,-26.827663],[-65.170994,-26.828178],[-65.171159,-26.828746],[-65.171081,-26.829221],[-65.171455,-26.829794],[-65.171893,-26.829668],[-65.172266,-26.829561],[-65.172553,-26.829478],[-65.172999,-26.82935],[-65.17339,-26.829237],[-65.173296,-26.828755],[-65.173214,-26.828337],[-65.17404,-26.828179],[-65.173773,-26.827077]]]]}},{"type":"Feature","properties":{"nombre":"Ampliación Obispo Colombres","id":28,"tipo":"Barrio","distrito":"Distrito 11","circuito":"11A","hectareas":6.178},"geometry":{"type":"MultiPolygon","coordinates":[[[[-65.171455,-26.829794],[-65.171698,-26.830282],[-65.172032,-26.830952],[-65.172032,-26.830952],[-65.172341,-26.831321],[-65.173329,-26.831123],[-65.174007,-26.830996],[-65.174695,-26.830862],[-65.174316,-26.82931],[-65.174174,-26.828727],[-65.17404,-26.828179],[-65.173214,-26.828337],[-65.173296,-26.828755],[-65.17333,-26.828929],[-65.17339,-26.829237],[-65.173079,-26.829327],[-65.172553,-26.829478],[-65.172266,-26.829561],[-65.171455,-26.829794]]]]}},{"type":"Feature","properties":{"nombre":"Cartoneros","id":64,"tipo":"Barrio","distrito":"Distrito 11","circuito":"11A","hectareas":4.222},"geometry":{"type":"MultiPolygon","coordinates":[[[[-65.166727,-26.82536],[-65.167172,-26.825991],[-65.167633,-26.82575],[-65.168104,-26.825489],[-65.168789,-26.825187],[-65.169365,-26.825053],[-65.17152,-26.824468],[-65.171805,-26.824428],[-65.172176,-26.824377],[-65.171969,-26.824251],[-65.171537,-26.824306],[-65.170278,-26.824385],[-65.16896,-26.82445],[-65.167867,-26.824426],[-65.167577,-26.824421],[-65.167341,-26.824421],[-65.166861,-26.824512],[-65.166395,-26.824769],[-65.166378,-26.824796],[-65.166371,-26.824818],[-65.16637,-26.824835],[-65.166371,-26.824848],[-65.166373,-26.824859],[-65.166376,-26.824866],[-65.166464,-26.824995],[-65.166727,-26.82536]]]]}},{"type":"Feature","properties":{"nombre":"Las Palmeras III","id":133,"tipo":"Barrio","distrito":"Distrito 20","circuito":"22","hectareas":3.604},"geometry":{"type":"MultiPolygon","coordinates":[[[[-65.2269,-26.878163],[-65.227452,-26.878046],[-65.228095,-26.877926],[-65.229647,-26.877637],[-65.230299,-26.87749],[-65.230287,-26.877246],[-65.230264,-26.87676],[-65.229061,-26.876996],[-65.228748,-26.877056],[-65.227317,-26.877329],[-65.225783,-26.877621],[-65.225109,-26.87775],[-65.22518,-26.877908],[-65.225414,-26.878426],[-65.2269,-26.878163]]]]}},{"type":"Feature","properties":{"nombre":"SEOC-Sindicato de Empleados y Obreros del Comercio (Palmeras II)","id":462,"tipo":"Barrio","distrito":"Distrito 19","circuito":"21","hectareas":16.571},"geometry":{"type":"MultiPolygon","coordinates":[[[[-65.229594,-26.870646],[-65.229595,-26.870665],[-65.229217,-26.870689],[-65.22915,-26.870699],[-65.228249,-26.870829],[-65.227863,-26.870884],[-65.227939,-26.871281],[-65.227939,-26.871283],[-65.227962,-26.871402],[-65.228062,-26.871919],[-65.228283,-26.873069],[-65.22702,-26.873297],[-65.226389,-26.873411],[-65.226044,-26.873473],[-65.224772,-26.873703],[-65.223366,-26.873956],[-65.223677,-26.874613],[-65.223955,-26.875239],[-65.224215,-26.875826],[-65.224432,-26.875786],[-65.225325,-26.875624],[-65.226136,-26.875477],[-65.227512,-26.875228],[-65.230229,-26.874719],[-65.230263,-26.874713],[-65.22958,-26.874362],[-65.229578,-26.873516],[-65.229571,-26.872596],[-65.229569,-26.871559],[-65.229582,-26.871198],[-65.229616,-26.870644],[-65.229594,-26.870646]]]]}},{"type":"Feature","properties":{"nombre":"Miguel Lillo","id":155,"tipo":"Barrio","distrito":"Distrito 20","circuito":"21","hectareas":11.647},"geometry":{"type":"MultiPolygon","coordinates":[[[[-65.225325,-26.875624],[-65.224432,-26.875786],[-65.224215,-26.875826],[-65.224581,-26.876606],[-65.224653,-26.876758],[-65.22482,-26.877121],[-65.225109,-26.87775],[-65.225783,-26.877621],[-65.227317,-26.877329],[-65.228748,-26.877056],[-65.230264,-26.87676],[-65.230264,-26.876128],[-65.230265,-26.875593],[-65.230265,-26.874713],[-65.230229,-26.874719],[-65.227512,-26.875228],[-65.226136,-26.875477],[-65.225325,-26.875624]]]]}},{"type":"Feature","properties":{"nombre":"Tiro Federal","id":472,"tipo":"Barrio","distrito":"Distrito 11","circuito":"10","hectareas":15.869},"geometry":{"type":"MultiPolygon","coordinates":[[[[-65.182273,-26.841214],[-65.179656,-26.841751],[-65.178657,-26.841976],[-65.178986,-26.842594],[-65.179317,-26.843218],[-65.179648,-26.84384],[-65.180055,-26.844469],[-65.181306,-26.846365],[-65.182175,-26.846087],[-65.183427,-26.845687],[-65.18311,-26.844457],[-65.182978,-26.843945],[-65.182811,-26.843298],[-65.182664,-26.842727],[-65.182486,-26.842038],[-65.182273,-26.841214]]]]}},{"type":"Feature","properties":{"nombre":"Santo Tomas Apostol","id":459,"tipo":"Barrio","distrito":"Distrito 9","circuito":"18","hectareas":4.67},"geometry":{"type":"MultiPolygon","coordinates":[[[[-65.24439,-26.82718],[-65.244824,-26.829036],[-65.246985,-26.828632],[-65.246582,-26.826752],[-65.24439,-26.82718]]]]}},{"type":"Feature","properties":{"nombre":"Libertad","id":308,"tipo":"Barrio","distrito":"Distrito 1","circuito":"15B","hectareas":2.531},"geometry":{"type":"MultiPolygon","coordinates":[[[[-65.255102,-26.790081],[-65.254928,-26.790244],[-65.254734,-26.790425],[-65.25472,-26.790439],[-65.254713,-26.790444],[-65.254451,-26.790666],[-65.253978,-26.791023],[-65.255316,-26.792482],[-65.25645,-26.791506],[-65.255102,-26.790081]]]]}},{"type":"Feature","properties":{"nombre":"40 Viviendas","id":388,"tipo":"Barrio","distrito":"Distrito 1","circuito":"16A","hectareas":3.207},"geometry":{"type":"MultiPolygon","coordinates":[[[[-65.249859,-26.801029],[-65.25207,-26.800635],[-65.251986,-26.800261],[-65.253007,-26.800088],[-65.252953,-26.799847],[-65.253156,-26.799428],[-65.253108,-26.799438],[-65.252874,-26.799487],[-65.24964,-26.800063],[-65.249859,-26.801029]]]]}},{"type":"Feature","properties":{"nombre":"Telefonicos III","id":471,"tipo":"Barrio","distrito":"Distrito 1","circuito":"16A","hectareas":8.31},"geometry":{"type":"MultiPolygon","coordinates":[[[[-65.248981,-26.797002],[-65.24965,-26.796951],[-65.24944,-26.795947],[-65.249363,-26.795593],[-65.246619,-26.796066],[-65.246615,-26.796067],[-65.246689,-26.796419],[-65.245208,-26.796667],[-65.24556,-26.798243],[-65.246442,-26.798105],[-65.249124,-26.797655],[-65.249125,-26.797655],[-65.248981,-26.797002]]]]}},{"type":"Feature","properties":{"nombre":"Fedevilla V","id":408,"tipo":"Barrio","distrito":"Distrito 17","circuito":"18G","hectareas":7.246},"geometry":{"type":"MultiPolygon","coordinates":[[[[-65.267667,-26.860841],[-65.267461,-26.860883],[-65.265295,-26.861327],[-65.265288,-26.861298],[-65.265292,-26.861298],[-65.265288,-26.861278],[-65.260926,-26.862079],[-65.26011,-26.858498],[-65.26011,-26.858497],[-65.26011,-26.858496],[-65.260135,-26.858461],[-65.258408,-26.858788],[-65.259245,-26.862402],[-65.263344,-26.861644],[-65.270874,-26.860252],[-65.267667,-26.860841]]]]}},{"type":"Feature","properties":{"nombre":"El Manantial II (76 Viviendas)","id":90,"tipo":"Barrio","distrito":"Distrito 17","circuito":"18G","hectareas":12.676},"geometry":{"type":"MultiPolygon","coordinates":[[[[-65.258408,-26.858788],[-65.260135,-26.858461],[-65.26014,-26.858461],[-65.260137,-26.858455],[-65.260135,-26.858452],[-65.260121,-26.858387],[-65.259984,-26.857746],[-65.25976,-26.856768],[-65.259693,-26.856501],[-65.25952,-26.855629],[-65.262083,-26.855133],[-65.262356,-26.85519],[-65.2624,-26.8552],[-65.2624,-26.8552],[-65.262401,-26.855108],[-65.262033,-26.855004],[-65.261661,-26.854998],[-65.261392,-26.854772],[-65.260915,-26.854302],[-65.259078,-26.854706],[-65.259168,-26.855079],[-65.257206,-26.855558],[-65.257334,-26.856055],[-65.256781,-26.856161],[-65.257404,-26.858968],[-65.258408,-26.858788]]]]}},{"type":"Feature","properties":{"nombre":"Fedevilla IV","id":407,"tipo":"Barrio","distrito":"Distrito 17","circuito":"18G","hectareas":4.372},"geometry":{"type":"MultiPolygon","coordinates":[[[[-65.258408,-26.858788],[-65.257404,-26.858968],[-65.25819,-26.862587],[-65.259245,-26.862402],[-65.258408,-26.858788]]]]}},{"type":"Feature","properties":{"nombre":"Manantial sur","id":293,"tipo":"Barrio","distrito":"Distrito 18","circuito":"18G","hectareas":153.885},"geometry":{"type":"MultiPolygon","coordinates":[[[[-65.25819,-26.862587],[-65.25715,-26.86279],[-65.256238,-26.862954],[-65.255195,-26.863151],[-65.24951,-26.864299],[-65.247189,-26.864712],[-65.242772,-26.865561],[-65.243374,-26.868285],[-65.236929,-26.869512],[-65.239686,-26.872846],[-65.244162,-26.87198],[-65.250873,-26.87074],[-65.260382,-26.868997],[-65.262318,-26.868642],[-65.27122,-26.866986],[-65.271397,-26.866616],[-65.271413,-26.866377],[-65.27126,-26.865208],[-65.270745,-26.865173],[-65.270707,-26.864944],[-65.271471,-26.864151],[-65.271749,-26.86345],[-65.271775,-26.863048],[-65.27229,-26.862509],[-65.272284,-26.861848],[-65.272432,-26.861653],[-65.272451,-26.861182],[-65.2724,-26.861012],[-65.272401,-26.860771],[-65.272322,-26.86051],[-65.271762,-26.860223],[-65.270874,-26.860252],[-65.267461,-26.860883],[-65.265295,-26.861327],[-65.265288,-26.861298],[-65.263344,-26.861644],[-65.259245,-26.862402],[-65.25819,-26.862587]]]]}},{"type":"Feature","properties":{"nombre":"Fedevilla III","id":406,"tipo":"Barrio","distrito":"Distrito 17","circuito":"18G","hectareas":19.111},"geometry":{"type":"MultiPolygon","coordinates":[[[[-65.255349,-26.855655],[-65.255472,-26.856118],[-65.255556,-26.856435],[-65.255534,-26.856447],[-65.255474,-26.856478],[-65.254855,-26.85661],[-65.255677,-26.860041],[-65.256238,-26.862954],[-65.25715,-26.86279],[-65.25819,-26.862587],[-65.257404,-26.858968],[-65.256781,-26.856161],[-65.257334,-26.856055],[-65.257206,-26.855558],[-65.256774,-26.853779],[-65.254948,-26.854092],[-65.255331,-26.855588],[-65.255349,-26.855655]]]]}},{"type":"Feature","properties":{"nombre":"Mutual Provincial","id":163,"tipo":"Barrio","distrito":"Distrito 17","circuito":"18G","hectareas":15.847},"geometry":{"type":"MultiPolygon","coordinates":[[[[-65.25828,-26.85111],[-65.254301,-26.851879],[-65.254364,-26.852155],[-65.252832,-26.852428],[-65.25332,-26.854558],[-65.253594,-26.855833],[-65.253602,-26.855871],[-65.254223,-26.855769],[-65.255331,-26.855588],[-65.254948,-26.854092],[-65.254947,-26.85409],[-65.256776,-26.853776],[-65.256808,-26.853441],[-65.258668,-26.852993],[-65.25828,-26.85111]]]]}},{"type":"Feature","properties":{"nombre":"Fedevilla II","id":405,"tipo":"Barrio","distrito":"Distrito 17","circuito":"18G","hectareas":4.198},"geometry":{"type":"MultiPolygon","coordinates":[[[[-65.255677,-26.860041],[-65.254855,-26.85661],[-65.254682,-26.856642],[-65.253807,-26.856802],[-65.254528,-26.860265],[-65.254528,-26.860265],[-65.255677,-26.860041]]]]}},{"type":"Feature","properties":{"nombre":"Fedevilla I","id":404,"tipo":"Barrio","distrito":"Distrito 17","circuito":"18G","hectareas":3.48},"geometry":{"type":"MultiPolygon","coordinates":[[[[-65.254528,-26.860265],[-65.255195,-26.863151],[-65.256238,-26.862954],[-65.255677,-26.860041],[-65.254528,-26.860265],[-65.254528,-26.860265]]]]}},{"type":"Feature","properties":{"nombre":"ATSA (Sanidad)","id":400,"tipo":"Barrio","distrito":"Distrito 4","circuito":"15","hectareas":13.357},"geometry":{"type":"MultiPolygon","coordinates":[[[[-65.222667,-26.802092],[-65.223398,-26.805384],[-65.22342,-26.805483],[-65.223422,-26.805489],[-65.223495,-26.805727],[-65.22678,-26.805059],[-65.225779,-26.801496],[-65.222667,-26.802092]]]]}},{"type":"Feature","properties":{"nombre":"Los Lapachos II","id":143,"tipo":"Barrio","distrito":"Distrito 18","circuito":"18G","hectareas":19.097},"geometry":{"type":"MultiPolygon","coordinates":[[[[-65.238911,-26.866255],[-65.239483,-26.866145],[-65.239128,-26.864481],[-65.240655,-26.864188],[-65.24054,-26.863623],[-65.242206,-26.863357],[-65.242047,-26.862662],[-65.235897,-26.863659],[-65.234278,-26.865017],[-65.233943,-26.865298],[-65.234251,-26.865757],[-65.235077,-26.866992],[-65.235114,-26.866985],[-65.238911,-26.866255]]]]}},{"type":"Feature","properties":{"nombre":"Loteo Pita","id":300,"tipo":"Barrio","distrito":"Distrito 8","circuito":"14","hectareas":11.801},"geometry":{"type":"MultiPolygon","coordinates":[[[[-65.171186,-26.81673],[-65.166888,-26.817519],[-65.165645,-26.817735],[-65.165771,-26.818224],[-65.1629,-26.818707],[-65.163514,-26.819434],[-65.163954,-26.819335],[-65.166745,-26.81885],[-65.16708,-26.820031],[-65.168239,-26.819811],[-65.167667,-26.818686],[-65.169237,-26.818407],[-65.171479,-26.818011],[-65.171186,-26.81673]]]]}},{"type":"Feature","properties":{"nombre":"Ampliacion Villa San Jorge","id":301,"tipo":"Barrio","distrito":"Distrito 7","circuito":"14B","hectareas":17.385},"geometry":{"type":"MultiPolygon","coordinates":[[[[-65.179594,-26.796705],[-65.179593,-26.796704],[-65.179445,-26.796176],[-65.179282,-26.795592],[-65.179087,-26.795633],[-65.178778,-26.795697],[-65.178779,-26.795699],[-65.178793,-26.795757],[-65.178936,-26.796347],[-65.178936,-26.796348],[-65.176779,-26.796758],[-65.176745,-26.79617],[-65.176739,-26.79606],[-65.176738,-26.79606],[-65.175638,-26.7963],[-65.175899,-26.797361],[-65.174515,-26.797674],[-65.175136,-26.800318],[-65.176042,-26.800132],[-65.177442,-26.799871],[-65.178575,-26.799661],[-65.178845,-26.799603],[-65.179125,-26.799542],[-65.179753,-26.799407],[-65.179449,-26.798111],[-65.17922,-26.797138],[-65.17966,-26.797044],[-65.179594,-26.796705]]]]}},{"type":"Feature","properties":{"nombre":"COPERGET II","id":296,"tipo":"Barrio","distrito":"Distrito 1","circuito":"15B","hectareas":7.284},"geometry":{"type":"MultiPolygon","coordinates":[[[[-65.24944,-26.795947],[-65.250223,-26.795808],[-65.251135,-26.795646],[-65.250951,-26.79545],[-65.25095,-26.795448],[-65.250933,-26.795403],[-65.250675,-26.794878],[-65.249951,-26.794046],[-65.249878,-26.793962],[-65.249336,-26.793569],[-65.24901,-26.793869],[-65.247573,-26.794116],[-65.247728,-26.794847],[-65.246408,-26.795089],[-65.246526,-26.795647],[-65.246619,-26.796066],[-65.249363,-26.795593],[-65.24944,-26.795947]]]]}},{"type":"Feature","properties":{"nombre":"Asentamiento Francisco I (Ampliación)","id":395,"tipo":"Barrio","distrito":"Distrito 17","circuito":"18F","hectareas":10.608},"geometry":{"type":"MultiPolygon","coordinates":[[[[-65.271615,-26.854233],[-65.270083,-26.854504],[-65.270576,-26.856275],[-65.270439,-26.856486],[-65.270375,-26.856595],[-65.270261,-26.856609],[-65.268867,-26.856914],[-65.269529,-26.859261],[-65.269637,-26.859634],[-65.270316,-26.860331],[-65.270855,-26.860229],[-65.271211,-26.860224],[-65.271752,-26.860216],[-65.271621,-26.860131],[-65.271259,-26.859504],[-65.271241,-26.859465],[-65.27121,-26.859372],[-65.270996,-26.858718],[-65.270978,-26.858481],[-65.270958,-26.858213],[-65.270924,-26.858017],[-65.270886,-26.857799],[-65.270848,-26.857581],[-65.270565,-26.85714],[-65.270743,-26.856567],[-65.271108,-26.855697],[-65.271289,-26.855281],[-65.271815,-26.854795],[-65.272091,-26.85456],[-65.272335,-26.854531],[-65.272509,-26.854413],[-65.272689,-26.85429],[-65.27294,-26.854284],[-65.273095,-26.854152],[-65.273376,-26.85351],[-65.273658,-26.852867],[-65.272997,-26.852999],[-65.271817,-26.853233],[-65.27169,-26.853261],[-65.271381,-26.853327],[-65.271615,-26.854233]]]]}},{"type":"Feature","properties":{"nombre":"Ampliacion San Nicolas","id":294,"tipo":"Barrio","distrito":"Distrito 15","circuito":"20","hectareas":10.294},"geometry":{"type":"MultiPolygon","coordinates":[[[[-65.223734,-26.857602],[-65.223211,-26.857603],[-65.223575,-26.858348],[-65.223808,-26.858273],[-65.224301,-26.859183],[-65.224995,-26.860566],[-65.225459,-26.862629],[-65.226524,-26.862432],[-65.227397,-26.86253],[-65.228532,-26.862311],[-65.228588,-26.8623],[-65.228632,-26.862291],[-65.228278,-26.861731],[-65.227874,-26.861222],[-65.227213,-26.860537],[-65.225094,-26.858742],[-65.223734,-26.857602]]]]}},{"type":"Feature","properties":{"nombre":"Nestor Kirchner I","id":295,"tipo":"Barrio","distrito":"Distrito 18","circuito":"18G","hectareas":31.387},"geometry":{"type":"MultiPolygon","coordinates":[[[[-65.243436,-26.862328],[-65.242913,-26.861984],[-65.242471,-26.861693],[-65.242468,-26.861677],[-65.242072,-26.860129],[-65.241818,-26.858916],[-65.240611,-26.859867],[-65.239904,-26.860452],[-65.239121,-26.861042],[-65.238829,-26.861272],[-65.235897,-26.863659],[-65.242047,-26.862662],[-65.242206,-26.863357],[-65.24054,-26.863623],[-65.240655,-26.864188],[-65.239128,-26.864481],[-65.239483,-26.866145],[-65.242772,-26.865561],[-65.247189,-26.864712],[-65.243436,-26.862328]]]]}},{"type":"Feature","properties":{"nombre":"Los Chañaritos","id":292,"tipo":"Barrio","distrito":"Distrito 18","circuito":"18G","hectareas":22.335},"geometry":{"type":"MultiPolygon","coordinates":[[[[-65.236753,-26.869292],[-65.236929,-26.869512],[-65.243374,-26.868285],[-65.242772,-26.865561],[-65.239483,-26.866145],[-65.238911,-26.866255],[-65.235114,-26.866986],[-65.235084,-26.866991],[-65.23509,-26.866999],[-65.236205,-26.868537],[-65.236753,-26.869292]]]]}},{"type":"Feature","properties":{"nombre":"Nueva Esperanza","id":289,"tipo":"Barrio","distrito":"Distrito 20","circuito":"22","hectareas":6.946},"geometry":{"type":"MultiPolygon","coordinates":[[[[-65.226894,-26.892124],[-65.228284,-26.889924],[-65.227339,-26.888386],[-65.226065,-26.888565],[-65.224811,-26.888942],[-65.22506,-26.889359],[-65.225591,-26.890246],[-65.22639,-26.891579],[-65.226894,-26.892124]]]]}},{"type":"Feature","properties":{"nombre":"Ampliacion Federal","id":288,"tipo":"Barrio","distrito":"Distrito 20","circuito":"22","hectareas":5.244},"geometry":{"type":"MultiPolygon","coordinates":[[[[-65.220158,-26.887384],[-65.22083,-26.88894],[-65.220852,-26.889034],[-65.221153,-26.890313],[-65.220948,-26.89109],[-65.220696,-26.891718],[-65.221008,-26.89182],[-65.221224,-26.891489],[-65.221308,-26.89136],[-65.221454,-26.891138],[-65.221881,-26.889994],[-65.221966,-26.889415],[-65.222044,-26.888879],[-65.222044,-26.888867],[-65.222061,-26.888356],[-65.222103,-26.887095],[-65.22131,-26.887209],[-65.220158,-26.887384]]]]}},{"type":"Feature","properties":{"nombre":"23 de Febrero","id":385,"tipo":"Barrio","distrito":"Distrito 14","circuito":"20","hectareas":8.362},"geometry":{"type":"MultiPolygon","coordinates":[[[[-65.23168,-26.861856],[-65.228641,-26.862337],[-65.228641,-26.862337],[-65.229951,-26.86463],[-65.229962,-26.864649],[-65.231246,-26.864375],[-65.231441,-26.864332],[-65.233084,-26.863973],[-65.23168,-26.861856]]]]}},{"type":"Feature","properties":{"nombre":"Caja Popular","id":402,"tipo":"Barrio","distrito":"Distrito 12","circuito":"18B","hectareas":9.304},"geometry":{"type":"MultiPolygon","coordinates":[[[[-65.259355,-26.840763],[-65.258563,-26.837504],[-65.258446,-26.837272],[-65.258436,-26.837251],[-65.258163,-26.837303],[-65.257804,-26.837342],[-65.256979,-26.838613],[-65.256033,-26.840046],[-65.256036,-26.840067],[-65.25604,-26.840088],[-65.256099,-26.840407],[-65.256274,-26.841351],[-65.257059,-26.841196],[-65.258539,-26.840917],[-65.258539,-26.840917],[-65.259355,-26.840763],[-65.259355,-26.840763],[-65.259355,-26.840763]]]]}},{"type":"Feature","properties":{"nombre":"260 Viviendas","id":387,"tipo":"Barrio","distrito":"Distrito 7","circuito":"14B","hectareas":18.295},"geometry":{"type":"MultiPolygon","coordinates":[[[[-65.175276,-26.790614],[-65.175161,-26.790514],[-65.174781,-26.79023],[-65.174688,-26.790161],[-65.174664,-26.790143],[-65.17466,-26.79014],[-65.174427,-26.789986],[-65.174085,-26.789842],[-65.173699,-26.789679],[-65.173239,-26.789523],[-65.172657,-26.789371],[-65.172044,-26.789299],[-65.171402,-26.789216],[-65.170732,-26.789267],[-65.170146,-26.789359],[-65.169789,-26.789455],[-65.169026,-26.789675],[-65.168726,-26.78982],[-65.168453,-26.789951],[-65.167652,-26.790554],[-65.167353,-26.790779],[-65.166289,-26.791777],[-65.164765,-26.793135],[-65.164765,-26.793135],[-65.16702,-26.792936],[-65.170988,-26.792586],[-65.172176,-26.792184],[-65.17234,-26.792737],[-65.172824,-26.793409],[-65.173384,-26.792893],[-65.173803,-26.792389],[-65.174318,-26.791797],[-65.174966,-26.791001],[-65.175276,-26.790614]]]]}},{"type":"Feature","properties":{"nombre":"11 de Enero","id":375,"tipo":"Barrio","distrito":"Distrito 1","circuito":"15B","hectareas":11.721},"geometry":{"type":"MultiPolygon","coordinates":[[[[-65.25645,-26.791506],[-65.255316,-26.792482],[-65.253978,-26.791023],[-65.253614,-26.791294],[-65.252698,-26.791983],[-65.251487,-26.792892],[-65.249951,-26.794046],[-65.250675,-26.794878],[-65.250933,-26.795403],[-65.25095,-26.795448],[-65.25629,-26.793848],[-65.256291,-26.793848],[-65.256477,-26.794354],[-65.257628,-26.794014],[-65.25683,-26.791955],[-65.25645,-26.791506]]]]}},{"type":"Feature","properties":{"nombre":"Policial IV","id":414,"tipo":"Barrio","distrito":"Distrito 18","circuito":"21","hectareas":19.107},"geometry":{"type":"MultiPolygon","coordinates":[[[[-65.236753,-26.869292],[-65.236738,-26.869295],[-65.236756,-26.86932],[-65.23316,-26.870061],[-65.232972,-26.870099],[-65.233026,-26.870203],[-65.233027,-26.870204],[-65.233027,-26.870204],[-65.234886,-26.873633],[-65.234865,-26.873801],[-65.239686,-26.872846],[-65.236929,-26.869512],[-65.236753,-26.869292]]]]}},{"type":"Feature","properties":{"nombre":"Los Lapachos I","id":142,"tipo":"Barrio","distrito":"Distrito 9","circuito":"17A","hectareas":25.982},"geometry":{"type":"MultiPolygon","coordinates":[[[[-65.253119,-26.820558],[-65.250978,-26.820959],[-65.2522,-26.825263],[-65.252902,-26.827764],[-65.256818,-26.826928],[-65.258245,-26.826655],[-65.257761,-26.824851],[-65.256878,-26.824981],[-65.257005,-26.825599],[-65.256569,-26.825679],[-65.256209,-26.824159],[-65.254782,-26.824412],[-65.254499,-26.8232],[-65.253694,-26.823339],[-65.253119,-26.820558]]]]}},{"type":"Feature","properties":{"nombre":"Federal","id":104,"tipo":"Barrio","distrito":"Distrito 20","circuito":"22","hectareas":13.237},"geometry":{"type":"MultiPolygon","coordinates":[[[[-65.219538,-26.881753],[-65.217753,-26.882572],[-65.219003,-26.884552],[-65.220158,-26.887386],[-65.22131,-26.887209],[-65.222103,-26.887095],[-65.221981,-26.88643],[-65.221808,-26.885592],[-65.221533,-26.884812],[-65.22113,-26.883893],[-65.219538,-26.881753]]]]}},{"type":"Feature","properties":{"nombre":"Castillo","id":65,"tipo":"Barrio","distrito":"Distrito 7","circuito":"14A","hectareas":2.649},"geometry":{"type":"MultiPolygon","coordinates":[[[[-65.179285,-26.795593],[-65.179445,-26.796176],[-65.179593,-26.796704],[-65.181587,-26.796287],[-65.181616,-26.796281],[-65.181618,-26.79628],[-65.181598,-26.796207],[-65.181305,-26.795146],[-65.179285,-26.795593]]]]}},{"type":"Feature","properties":{"nombre":"Miguel Lillo II (Ampliacion Miguel Lillo)","id":156,"tipo":"Barrio","distrito":"Distrito 18","circuito":"21","hectareas":16.29},"geometry":{"type":"MultiPolygon","coordinates":[[[[-65.234886,-26.873633],[-65.233027,-26.870204],[-65.233027,-26.870204],[-65.230255,-26.870614],[-65.230311,-26.874662],[-65.234865,-26.873801],[-65.234886,-26.873633]]]]}},{"type":"Feature","properties":{"nombre":"Miguel Lillo III","id":157,"tipo":"Barrio","distrito":"Distrito 18","circuito":"21","hectareas":11.656},"geometry":{"type":"MultiPolygon","coordinates":[[[[-65.234865,-26.873801],[-65.230307,-26.874667],[-65.230264,-26.87676],[-65.232832,-26.876341],[-65.234219,-26.876075],[-65.235874,-26.875724],[-65.235873,-26.875722],[-65.23526,-26.874519],[-65.234865,-26.873801]]]]}},{"type":"Feature","properties":{"nombre":"Buen Vivir","id":42,"tipo":"Barrio","distrito":"Distrito 18","circuito":"21","hectareas":11.786},"geometry":{"type":"MultiPolygon","coordinates":[[[[-65.234865,-26.873801],[-65.23526,-26.874519],[-65.235873,-26.875722],[-65.237381,-26.875442],[-65.239668,-26.875017],[-65.240311,-26.874897],[-65.241094,-26.874752],[-65.241386,-26.874626],[-65.240447,-26.873644],[-65.239686,-26.872846],[-65.234865,-26.873801]]]]}},{"type":"Feature","properties":{"nombre":"Ampliacion San Francisco","id":200,"tipo":"Barrio","distrito":"Distrito 18","circuito":"21","hectareas":5.312},"geometry":{"type":"MultiPolygon","coordinates":[[[[-65.233026,-26.870203],[-65.232721,-26.869643],[-65.231604,-26.867604],[-65.2306,-26.868266],[-65.230337,-26.868775],[-65.230272,-26.868902],[-65.230273,-26.869254],[-65.230272,-26.869717],[-65.230255,-26.870614],[-65.233026,-26.870203]]]]}},{"type":"Feature","properties":{"nombre":"80 Viviendas","id":392,"tipo":"Barrio","distrito":"Distrito 7","circuito":"14B","hectareas":3.333},"geometry":{"type":"MultiPolygon","coordinates":[[[[-65.175584,-26.796087],[-65.174491,-26.796339],[-65.17419,-26.795112],[-65.17358,-26.795248],[-65.174237,-26.797726],[-65.17451,-26.79768],[-65.175904,-26.797365],[-65.175584,-26.796087]]]]}},{"type":"Feature","properties":{"nombre":"Las Piedritas","id":134,"tipo":"Barrio","distrito":"Distrito 16","circuito":"10A","hectareas":15.852},"geometry":{"type":"MultiPolygon","coordinates":[[[[-65.187381,-26.859058],[-65.187503,-26.859004],[-65.187464,-26.858577],[-65.187482,-26.857913],[-65.187471,-26.85736],[-65.187372,-26.856963],[-65.187021,-26.856328],[-65.186651,-26.855757],[-65.186159,-26.855149],[-65.185375,-26.854111],[-65.184867,-26.853398],[-65.18423,-26.852362],[-65.183201,-26.851224],[-65.183109,-26.851387],[-65.182854,-26.852723],[-65.182945,-26.853244],[-65.183593,-26.854323],[-65.184108,-26.855512],[-65.184405,-26.856313],[-65.185064,-26.857037],[-65.185765,-26.857711],[-65.18588,-26.858744],[-65.186181,-26.859364],[-65.186834,-26.859368],[-65.187089,-26.859172],[-65.187381,-26.859058]]]]}},{"type":"Feature","properties":{"nombre":"Ampliacion Independencia","id":24,"tipo":"Barrio","distrito":"Distrito 20","circuito":"22","hectareas":3.219},"geometry":{"type":"MultiPolygon","coordinates":[[[[-65.230614,-26.885656],[-65.230694,-26.884783],[-65.230632,-26.883868],[-65.229729,-26.883921],[-65.229515,-26.883464],[-65.229515,-26.883464],[-65.22831,-26.883947],[-65.228145,-26.884008],[-65.228145,-26.884008],[-65.229163,-26.886044],[-65.230614,-26.885656]]]]}},{"type":"Feature","properties":{"nombre":"San Ramon Nonato","id":451,"tipo":"Barrio","distrito":"Distrito 20","circuito":"21","hectareas":11.507},"geometry":{"type":"MultiPolygon","coordinates":[[[[-65.219228,-26.87884],[-65.220461,-26.878818],[-65.222675,-26.878396],[-65.222091,-26.876224],[-65.216724,-26.877238],[-65.217179,-26.877949],[-65.21762,-26.878283],[-65.218233,-26.87862],[-65.219228,-26.87884]]]]}},{"type":"Feature","properties":{"nombre":"Nestor Kirchner II","id":164,"tipo":"Barrio","distrito":"Distrito 20","circuito":"21","hectareas":5.813},"geometry":{"type":"MultiPolygon","coordinates":[[[[-65.224653,-26.876758],[-65.224581,-26.876606],[-65.224215,-26.875826],[-65.22209,-26.876217],[-65.222675,-26.878396],[-65.22518,-26.877908],[-65.225109,-26.87775],[-65.22482,-26.877121],[-65.224653,-26.876758]]]]}},{"type":"Feature","properties":{"nombre":"Ciudadela sur","id":70,"tipo":"Barrio","distrito":"Distrito 14","circuito":"19","hectareas":33.95},"geometry":{"type":"MultiPolygon","coordinates":[[[[-65.221476,-26.840449],[-65.221476,-26.840449],[-65.222747,-26.84594],[-65.226924,-26.845073],[-65.225966,-26.842302],[-65.229152,-26.841294],[-65.228513,-26.839073],[-65.221476,-26.840449]]]]}},{"type":"Feature","properties":{"nombre":"Ciudad de Dios (128 Viviendas)","id":272,"tipo":"Barrio","distrito":"Distrito 4","circuito":"15","hectareas":6.051},"geometry":{"type":"MultiPolygon","coordinates":[[[[-65.225311,-26.799832],[-65.223808,-26.800115],[-65.222175,-26.800423],[-65.222178,-26.800435],[-65.222488,-26.801485],[-65.222667,-26.802092],[-65.225779,-26.801496],[-65.225311,-26.799832]]]]}},{"type":"Feature","properties":{"nombre":"Villa Tuquito","id":492,"tipo":"Barrio","distrito":"Distrito 13","circuito":"18C","hectareas":4.653},"geometry":{"type":"MultiPolygon","coordinates":[[[[-65.256521,-26.834838],[-65.255508,-26.8352],[-65.254879,-26.835544],[-65.25556,-26.838081],[-65.256091,-26.838164],[-65.256104,-26.838143],[-65.256161,-26.838058],[-65.256268,-26.837899],[-65.256556,-26.837471],[-65.257239,-26.836454],[-65.256521,-26.834838]]]]}},{"type":"Feature","properties":{"nombre":"Autopista sur","id":47,"tipo":"Barrio","distrito":"Distrito 16","circuito":"20","hectareas":21.101},"geometry":{"type":"MultiPolygon","coordinates":[[[[-65.191585,-26.861049],[-65.191231,-26.861029],[-65.190449,-26.86111],[-65.190047,-26.860956],[-65.189481,-26.860927],[-65.189134,-26.861062],[-65.189134,-26.861395],[-65.189152,-26.861701],[-65.189572,-26.862442],[-65.190718,-26.862287],[-65.192712,-26.864144],[-65.193593,-26.864754],[-65.194675,-26.865536],[-65.195405,-26.865846],[-65.195715,-26.866432],[-65.197212,-26.868077],[-65.197304,-26.868305],[-65.198162,-26.870471],[-65.200973,-26.870145],[-65.191585,-26.861049]]]]}},{"type":"Feature","properties":{"nombre":"FOECYT","id":108,"tipo":"Barrio","distrito":"Distrito 9","circuito":"17A","hectareas":1.588},"geometry":{"type":"MultiPolygon","coordinates":[[[[-65.260256,-26.816825],[-65.258943,-26.817067],[-65.259191,-26.818123],[-65.260506,-26.81787],[-65.260256,-26.816825]]]]}},{"type":"Feature","properties":{"nombre":"Asentamiento San Miguel","id":399,"tipo":"Barrio","distrito":"Distrito 7","circuito":"14C","hectareas":3.312},"geometry":{"type":"MultiPolygon","coordinates":[[[[-65.180939,-26.803248],[-65.177885,-26.803837],[-65.178253,-26.804778],[-65.181256,-26.804155],[-65.180939,-26.803248]]]]}},{"type":"Feature","properties":{"nombre":"Asentamiento Margarita","id":396,"tipo":"Barrio","distrito":"Distrito 7","circuito":"14C","hectareas":6.308},"geometry":{"type":"MultiPolygon","coordinates":[[[[-65.180332,-26.805759],[-65.176513,-26.806563],[-65.177111,-26.807868],[-65.177142,-26.807935],[-65.181098,-26.807025],[-65.181086,-26.807007],[-65.180332,-26.805759]]]]}},{"type":"Feature","properties":{"nombre":"Asentamiento Martin Berho","id":397,"tipo":"Barrio","distrito":"Distrito 8","circuito":"14 D","hectareas":10.198},"geometry":{"type":"MultiPolygon","coordinates":[[[[-65.170822,-26.813201],[-65.167331,-26.813806],[-65.167423,-26.814115],[-65.161804,-26.815263],[-65.162193,-26.815976],[-65.170787,-26.814506],[-65.17097,-26.81385],[-65.170822,-26.813201]]]]}},{"type":"Feature","properties":{"nombre":"Asentamiento el Angel","id":393,"tipo":"Barrio","distrito":"Distrito 7","circuito":"14B","hectareas":21.591},"geometry":{"type":"MultiPolygon","coordinates":[[[[-65.16922,-26.792756],[-65.16702,-26.792936],[-65.164765,-26.793135],[-65.164021,-26.794099],[-65.163218,-26.795129],[-65.162756,-26.795686],[-65.161861,-26.797687],[-65.167778,-26.79643],[-65.17006,-26.795862],[-65.16922,-26.792756]]]]}},{"type":"Feature","properties":{"nombre":"Nueva Esperanza II (2 de Abril)","id":343,"tipo":"Barrio","distrito":"Distrito 20","circuito":"22","hectareas":3.973},"geometry":{"type":"MultiPolygon","coordinates":[[[[-65.227903,-26.886231],[-65.227526,-26.886287],[-65.227166,-26.886341],[-65.227841,-26.888286],[-65.227809,-26.88837],[-65.227421,-26.888471],[-65.228284,-26.889924],[-65.228756,-26.88929],[-65.229148,-26.888653],[-65.229368,-26.88824],[-65.229499,-26.888045],[-65.229785,-26.88762],[-65.230225,-26.886949],[-65.230565,-26.885867],[-65.230614,-26.885656],[-65.229163,-26.886044],[-65.22901,-26.886066],[-65.228909,-26.886081],[-65.228676,-26.886116],[-65.227903,-26.886231]]]]}},{"type":"Feature","properties":{"nombre":"El Manantial I","id":92,"tipo":"Barrio","distrito":"Distrito 17","circuito":"18F","hectareas":8.855},"geometry":{"type":"MultiPolygon","coordinates":[[[[-65.271084,-26.852048],[-65.269516,-26.852303],[-65.268406,-26.852537],[-65.268151,-26.852249],[-65.26796,-26.852085],[-65.267959,-26.852086],[-65.266803,-26.852335],[-65.266565,-26.85238],[-65.2656,-26.852563],[-65.26517,-26.85265],[-65.265453,-26.853486],[-65.265547,-26.85375],[-65.265549,-26.85375],[-65.26555,-26.85375],[-65.265549,-26.853747],[-65.26578,-26.853704],[-65.267376,-26.853387],[-65.267557,-26.85402],[-65.268712,-26.853758],[-65.268757,-26.853892],[-65.271381,-26.853327],[-65.27169,-26.853261],[-65.271291,-26.851772],[-65.271031,-26.851849],[-65.271084,-26.852048]]]]}},{"type":"Feature","properties":{"nombre":"Asentamiento Francisco I","id":394,"tipo":"Barrio","distrito":"Distrito 17","circuito":"18F","hectareas":9.101},"geometry":{"type":"MultiPolygon","coordinates":[[[[-65.270371,-26.856592],[-65.270439,-26.856486],[-65.270576,-26.856275],[-65.270083,-26.854504],[-65.271615,-26.854233],[-65.271381,-26.853327],[-65.268757,-26.853892],[-65.268712,-26.853758],[-65.267557,-26.85402],[-65.267853,-26.855317],[-65.268145,-26.856468],[-65.268147,-26.856477],[-65.268375,-26.856434],[-65.268665,-26.856381],[-65.268865,-26.856909],[-65.270261,-26.856601],[-65.270371,-26.856592]]]]}},{"type":"Feature","properties":{"nombre":"Bienestar","id":401,"tipo":"Barrio","distrito":"Distrito 16","circuito":"9","hectareas":6.917},"geometry":{"type":"MultiPolygon","coordinates":[[[[-65.201482,-26.853576],[-65.199157,-26.854114],[-65.19933,-26.854653],[-65.199446,-26.855014],[-65.199826,-26.856198],[-65.199919,-26.856488],[-65.202603,-26.855852],[-65.202516,-26.855812],[-65.201482,-26.853576],[-65.201482,-26.853576]]]]}},{"type":"Feature","properties":{"nombre":"Ampliacion Villa Angelina","id":342,"tipo":"Barrio","distrito":"Distrito 19","circuito":"21","hectareas":9.198},"geometry":{"type":"MultiPolygon","coordinates":[[[[-65.220904,-26.872436],[-65.214507,-26.873643],[-65.214502,-26.87371],[-65.21519,-26.874856],[-65.221266,-26.873696],[-65.220904,-26.872436]]]]}},{"type":"Feature","properties":{"nombre":"Ojo de Agua D12","id":344,"tipo":"Barrio","distrito":"Distrito 12","circuito":"18A","hectareas":1.311},"geometry":{"type":"MultiPolygon","coordinates":[[[[-65.264823,-26.834216],[-65.264775,-26.833726],[-65.264775,-26.833726],[-65.264638,-26.833738],[-65.263571,-26.833834],[-65.263717,-26.834828],[-65.263717,-26.834829],[-65.263851,-26.834822],[-65.264873,-26.834766],[-65.264877,-26.834766],[-65.264865,-26.834647],[-65.264823,-26.834216]]]]}},{"type":"Feature","properties":{"nombre":"San Gabriel","id":433,"tipo":"Barrio","distrito":"Distrito 17","circuito":"18F","hectareas":12.005},"geometry":{"type":"MultiPolygon","coordinates":[[[[-65.266738,-26.856136],[-65.266893,-26.85673],[-65.266887,-26.856731],[-65.266892,-26.856751],[-65.265136,-26.8571],[-65.265385,-26.857214],[-65.265574,-26.857374],[-65.265578,-26.857384],[-65.265588,-26.85739],[-65.265581,-26.857392],[-65.265682,-26.857653],[-65.265772,-26.857846],[-65.265958,-26.857926],[-65.266126,-26.857942],[-65.266227,-26.858],[-65.266239,-26.858018],[-65.266248,-26.858024],[-65.266397,-26.858221],[-65.266482,-26.858487],[-65.266687,-26.859131],[-65.266818,-26.859207],[-65.266974,-26.859298],[-65.267648,-26.85969],[-65.267684,-26.85973],[-65.267834,-26.859869],[-65.267983,-26.860065],[-65.267988,-26.860077],[-65.268,-26.860108],[-65.26825,-26.860721],[-65.26937,-26.860509],[-65.270316,-26.860331],[-65.269639,-26.85964],[-65.269637,-26.859634],[-65.269529,-26.859261],[-65.268841,-26.856891],[-65.268647,-26.856395],[-65.268375,-26.856434],[-65.268147,-26.856477],[-65.268145,-26.856468],[-65.268134,-26.85647],[-65.267847,-26.855333],[-65.266601,-26.85559],[-65.266738,-26.856136]]]]}},{"type":"Feature","properties":{"nombre":"Manantial IV","id":338,"tipo":"Barrio","distrito":"Distrito 17","circuito":"18G","hectareas":8.997},"geometry":{"type":"MultiPolygon","coordinates":[[[[-65.26437,-26.85764],[-65.264566,-26.85835],[-65.264734,-26.85899],[-65.265288,-26.861278],[-65.265292,-26.861298],[-65.265288,-26.861298],[-65.265295,-26.861327],[-65.267461,-26.860883],[-65.267667,-26.860841],[-65.26825,-26.860721],[-65.268,-26.860108],[-65.267988,-26.860077],[-65.267983,-26.860065],[-65.267834,-26.859869],[-65.267684,-26.85973],[-65.267648,-26.85969],[-65.266974,-26.859298],[-65.266818,-26.859207],[-65.266687,-26.859131],[-65.266482,-26.858487],[-65.266397,-26.858221],[-65.266248,-26.858024],[-65.266239,-26.858018],[-65.266127,-26.857945],[-65.265949,-26.857931],[-65.265772,-26.857847],[-65.265772,-26.857846],[-65.265682,-26.857653],[-65.265575,-26.857422],[-65.265563,-26.857404],[-65.26437,-26.85764]]]]}},{"type":"Feature","properties":{"nombre":"Ampliacion Policial IV","id":341,"tipo":"Barrio","distrito":"Distrito 18","circuito":"21","hectareas":13.666},"geometry":{"type":"MultiPolygon","coordinates":[[[[-65.231487,-26.867312],[-65.231604,-26.867604],[-65.232721,-26.869643],[-65.232972,-26.870099],[-65.23316,-26.870061],[-65.236756,-26.86932],[-65.236738,-26.869295],[-65.236205,-26.868537],[-65.23509,-26.866999],[-65.235084,-26.866991],[-65.235114,-26.866986],[-65.235114,-26.866985],[-65.235077,-26.866992],[-65.234251,-26.865757],[-65.234045,-26.865465],[-65.231487,-26.867312]]]]}},{"type":"Feature","properties":{"nombre":"Villa Marisa","id":487,"tipo":"Barrio","distrito":"Distrito 19","circuito":"21","hectareas":6.666},"geometry":{"type":"MultiPolygon","coordinates":[[[[-65.213431,-26.867951],[-65.210944,-26.868355],[-65.21281,-26.871191],[-65.214176,-26.870989],[-65.213431,-26.867951]]]]}},{"type":"Feature","properties":{"nombre":"Asentamiento Rosa Mistica","id":398,"tipo":"Barrio","distrito":"Distrito 17","circuito":"18G","hectareas":9.433},"geometry":{"type":"MultiPolygon","coordinates":[[[[-65.250365,-26.851766],[-65.25049,-26.851747],[-65.250491,-26.85175],[-65.250551,-26.851742],[-65.250856,-26.852846],[-65.253312,-26.852291],[-65.254186,-26.852089],[-65.253854,-26.850795],[-65.253547,-26.850853],[-65.253406,-26.850843],[-65.253359,-26.85084],[-65.25335,-26.850839],[-65.253258,-26.850619],[-65.253149,-26.850542],[-65.252901,-26.850374],[-65.252761,-26.850308],[-65.252758,-26.850306],[-65.252655,-26.850257],[-65.252423,-26.850062],[-65.252373,-26.850021],[-65.252183,-26.849861],[-65.25215,-26.849834],[-65.252069,-26.849766],[-65.25082,-26.850003],[-65.250305,-26.85008],[-65.249702,-26.85185],[-65.250365,-26.851766]]]]}},{"type":"Feature","properties":{"nombre":"Juan B Justo","id":346,"tipo":"Barrio","distrito":"Distrito 7","circuito":"14A","hectareas":23.214},"geometry":{"type":"MultiPolygon","coordinates":[[[[-65.188215,-26.795725],[-65.187016,-26.795788],[-65.18623,-26.79548],[-65.185302,-26.795134],[-65.185241,-26.79509],[-65.185119,-26.795043],[-65.184914,-26.794849],[-65.18485,-26.794788],[-65.184608,-26.794559],[-65.184548,-26.794485],[-65.183983,-26.794602],[-65.182035,-26.795005],[-65.181416,-26.795124],[-65.18136,-26.795134],[-65.18136,-26.795134],[-65.181348,-26.795137],[-65.181305,-26.795146],[-65.181305,-26.795146],[-65.181598,-26.796207],[-65.181618,-26.79628],[-65.181616,-26.796281],[-65.181616,-26.796281],[-65.181619,-26.79628],[-65.181673,-26.79651],[-65.182261,-26.798876],[-65.183403,-26.798669],[-65.183789,-26.798582],[-65.185215,-26.798339],[-65.188666,-26.797713],[-65.188222,-26.795725],[-65.188215,-26.795725]]]]}},{"type":"Feature","properties":{"nombre":"San Roque oeste","id":345,"tipo":"Barrio","distrito":"Distrito 4","circuito":"15A","hectareas":10.735},"geometry":{"type":"MultiPolygon","coordinates":[[[[-65.218394,-26.79981],[-65.21828,-26.799832],[-65.218147,-26.799833],[-65.217941,-26.800091],[-65.217803,-26.800264],[-65.217907,-26.800619],[-65.218048,-26.801101],[-65.218085,-26.801228],[-65.218246,-26.801207],[-65.222178,-26.800435],[-65.222175,-26.800423],[-65.223808,-26.800115],[-65.225308,-26.799821],[-65.224952,-26.798529],[-65.222904,-26.798929],[-65.218517,-26.799786],[-65.218394,-26.79981]]]]}},{"type":"Feature","properties":{"nombre":"Obarrio","id":347,"tipo":"Zona","distrito":"Distrito 4","circuito":"15","hectareas":23.596},"geometry":{"type":"MultiPolygon","coordinates":[[[[-65.218246,-26.801207],[-65.218085,-26.801228],[-65.218089,-26.80124],[-65.219256,-26.805186],[-65.219319,-26.805391],[-65.219319,-26.805391],[-65.219499,-26.806018],[-65.219621,-26.806436],[-65.222576,-26.805873],[-65.222592,-26.805845],[-65.222672,-26.805706],[-65.22342,-26.805483],[-65.223398,-26.805384],[-65.222667,-26.802092],[-65.222488,-26.801485],[-65.222178,-26.800435],[-65.218246,-26.801207]]]]}},{"type":"Feature","properties":{"nombre":"Campo norte","id":348,"tipo":"Zona","distrito":"Distrito 3","circuito":"16","hectareas":69.903},"geometry":{"type":"MultiPolygon","coordinates":[[[[-65.237555,-26.808768],[-65.228262,-26.81053],[-65.227547,-26.807659],[-65.230553,-26.807025],[-65.229123,-26.80187],[-65.235723,-26.800667],[-65.237555,-26.808768]]]]}},{"type":"Feature","properties":{"nombre":"Cementerio norte","id":349,"tipo":"Zona","distrito":"Distrito 7","circuito":"14C","hectareas":21.798},"geometry":{"type":"MultiPolygon","coordinates":[[[[-65.189915,-26.802343],[-65.18547,-26.803246],[-65.186482,-26.807481],[-65.190931,-26.806597],[-65.189915,-26.802343]]]]}},{"type":"Feature","properties":{"nombre":"Ampliacion Congreso","id":353,"tipo":"Zona","distrito":"Distrito 1","circuito":"15B","hectareas":8.742},"geometry":{"type":"MultiPolygon","coordinates":[[[[-65.249138,-26.789362],[-65.248431,-26.789892],[-65.247329,-26.790719],[-65.246489,-26.791403],[-65.246489,-26.791403],[-65.246936,-26.791742],[-65.24694,-26.791741],[-65.248402,-26.792845],[-65.249052,-26.793348],[-65.249052,-26.793348],[-65.251285,-26.791685],[-65.250196,-26.79051],[-65.249138,-26.789362]]]]}},{"type":"Feature","properties":{"nombre":"Parque 9 de Julio","id":350,"tipo":"Zona","distrito":"Distrito 11","circuito":"11A","hectareas":197.679},"geometry":{"type":"MultiPolygon","coordinates":[[[[-65.191683,-26.820476],[-65.178031,-26.822844],[-65.181073,-26.835632],[-65.184098,-26.835044],[-65.192973,-26.833317],[-65.194599,-26.833001],[-65.1946,-26.833001],[-65.193914,-26.830054],[-65.19243,-26.823682],[-65.191683,-26.820476]]]]}},{"type":"Feature","properties":{"nombre":"Parque 9 de Julio sur","id":351,"tipo":"Zona","distrito":"Distrito 11","circuito":"10","hectareas":34.808},"geometry":{"type":"MultiPolygon","coordinates":[[[[-65.192973,-26.833317],[-65.192931,-26.839235],[-65.192904,-26.843087],[-65.192904,-26.843095],[-65.192903,-26.843116],[-65.192897,-26.844989],[-65.192893,-26.846229],[-65.192893,-26.846246],[-65.192892,-26.846416],[-65.19289,-26.847135],[-65.193242,-26.847034],[-65.193839,-26.846863],[-65.194522,-26.846666],[-65.194596,-26.845252],[-65.194713,-26.84304],[-65.196938,-26.842631],[-65.196177,-26.839717],[-65.195968,-26.838819],[-65.195757,-26.837957],[-65.195426,-26.836538],[-65.195287,-26.835946],[-65.195013,-26.834772],[-65.194599,-26.833001],[-65.192973,-26.833317]]]]}},{"type":"Feature","properties":{"nombre":"Parque 9 de Julio Hipodromo","id":352,"tipo":"Zona","distrito":"Distrito 11","circuito":"10","hectareas":115.898},"geometry":{"type":"MultiPolygon","coordinates":[[[[-65.183044,-26.835271],[-65.183502,-26.837215],[-65.18364,-26.837799],[-65.183295,-26.837838],[-65.183189,-26.837859],[-65.183196,-26.837894],[-65.183281,-26.838292],[-65.184157,-26.838104],[-65.184514,-26.838018],[-65.184514,-26.838018],[-65.185023,-26.837926],[-65.185153,-26.838087],[-65.185321,-26.838296],[-65.185338,-26.838318],[-65.18547,-26.838466],[-65.185474,-26.838487],[-65.185481,-26.838495],[-65.185613,-26.839175],[-65.185698,-26.839663],[-65.185676,-26.839666],[-65.185682,-26.839703],[-65.184937,-26.839809],[-65.185099,-26.840628],[-65.185107,-26.840666],[-65.185106,-26.840666],[-65.185107,-26.840669],[-65.182275,-26.841214],[-65.183427,-26.845669],[-65.184433,-26.849497],[-65.184509,-26.849503],[-65.186897,-26.848831],[-65.186013,-26.846287],[-65.186037,-26.846266],[-65.186023,-26.84627],[-65.186079,-26.846231],[-65.186557,-26.845827],[-65.186556,-26.845474],[-65.186566,-26.845471],[-65.186566,-26.845468],[-65.188403,-26.844933],[-65.190066,-26.844445],[-65.190248,-26.845126],[-65.191196,-26.844823],[-65.191591,-26.844696],[-65.19162,-26.844503],[-65.191467,-26.843811],[-65.191329,-26.843202],[-65.191321,-26.843168],[-65.191278,-26.842979],[-65.191421,-26.842971],[-65.191465,-26.843156],[-65.19166,-26.843139],[-65.192154,-26.843087],[-65.192409,-26.843076],[-65.192904,-26.843087],[-65.192931,-26.839235],[-65.192973,-26.833317],[-65.184098,-26.835044],[-65.183044,-26.835271]]]]}},{"type":"Feature","properties":{"nombre":"Ampliacion 20 de Junio II","id":354,"tipo":"Barrio","distrito":"Distrito 16","circuito":"10A","hectareas":9.428},"geometry":{"type":"MultiPolygon","coordinates":[[[[-65.194407,-26.846818],[-65.197672,-26.845817],[-65.198193,-26.84721],[-65.197239,-26.848613],[-65.194734,-26.849272],[-65.194407,-26.846818]]]]}},{"type":"Feature","properties":{"nombre":"Mercofrut","id":355,"tipo":"Zona","distrito":"Distrito 16","circuito":"20","hectareas":49.113},"geometry":{"type":"MultiPolygon","coordinates":[[[[-65.201616,-26.860982],[-65.197421,-26.861873],[-65.19715,-26.861155],[-65.194004,-26.861853],[-65.202133,-26.869746],[-65.204699,-26.869303],[-65.201616,-26.860982]]]]}},{"type":"Feature","properties":{"nombre":"Quinta Agronomica","id":356,"tipo":"Zona","distrito":"Distrito 14","circuito":"19","hectareas":47.142},"geometry":{"type":"MultiPolygon","coordinates":[[[[-65.234198,-26.837966],[-65.228512,-26.839073],[-65.229153,-26.841297],[-65.225966,-26.842303],[-65.226924,-26.845073],[-65.235772,-26.843415],[-65.234198,-26.837966]]]]}},{"type":"Feature","properties":{"nombre":"Parque Guillermina","id":357,"tipo":"Zona","distrito":"Distrito 9","circuito":"17A","hectareas":51.982},"geometry":{"type":"MultiPolygon","coordinates":[[[[-65.256643,-26.819936],[-65.258246,-26.826656],[-65.252903,-26.827766],[-65.253225,-26.828914],[-65.259044,-26.82778],[-65.259427,-26.829143],[-65.257892,-26.829522],[-65.258113,-26.830548],[-65.258895,-26.8308],[-65.260178,-26.831213],[-65.260878,-26.829794],[-65.26151,-26.829396],[-65.261692,-26.829193],[-65.262714,-26.828579],[-65.26276,-26.828558],[-65.262992,-26.828402],[-65.263,-26.828397],[-65.264017,-26.82783],[-65.264401,-26.827616],[-65.264441,-26.827594],[-65.264949,-26.827311],[-65.265449,-26.827032],[-65.265818,-26.826826],[-65.266,-26.826675],[-65.266265,-26.826457],[-65.266191,-26.826407],[-65.265978,-26.825519],[-65.265692,-26.825607],[-65.26549,-26.824898],[-65.264839,-26.822624],[-65.262976,-26.822982],[-65.262976,-26.822982],[-65.262887,-26.822494],[-65.262867,-26.822385],[-65.26288,-26.822296],[-65.262744,-26.821712],[-65.261894,-26.821862],[-65.260329,-26.822136],[-65.258819,-26.822401],[-65.258243,-26.81963],[-65.256643,-26.819936]]]]}},{"type":"Feature","properties":{"nombre":"Camino del Peru y Belgrano","id":358,"tipo":"Zona","distrito":"Distrito 9","circuito":"17A","hectareas":22.163},"geometry":{"type":"MultiPolygon","coordinates":[[[[-65.263851,-26.811445],[-65.263793,-26.810974],[-65.263668,-26.810631],[-65.263514,-26.810205],[-65.263439,-26.809997],[-65.263379,-26.809886],[-65.262891,-26.808991],[-65.262325,-26.808021],[-65.26205,-26.807241],[-65.261823,-26.806579],[-65.260346,-26.806877],[-65.257711,-26.807406],[-65.258895,-26.812331],[-65.263851,-26.811445]]]]}},{"type":"Feature","properties":{"nombre":"Congreso","id":359,"tipo":"Zona","distrito":"Distrito 1","circuito":"15B","hectareas":36.186},"geometry":{"type":"MultiPolygon","coordinates":[[[[-65.246489,-26.791403],[-65.247329,-26.790719],[-65.248431,-26.789892],[-65.249138,-26.789362],[-65.251888,-26.7873],[-65.252219,-26.787032],[-65.249953,-26.784635],[-65.249953,-26.784635],[-65.249953,-26.784635],[-65.246663,-26.785456],[-65.244965,-26.785879],[-65.244483,-26.786245],[-65.244208,-26.786454],[-65.243917,-26.786535],[-65.243468,-26.786661],[-65.243076,-26.78677],[-65.243134,-26.787042],[-65.243391,-26.788248],[-65.243736,-26.789837],[-65.244287,-26.789733],[-65.246489,-26.791403]]]]}},{"type":"Feature","properties":{"nombre":"Chango Mas","id":360,"tipo":"Zona","distrito":"Distrito 1","circuito":"16A","hectareas":11.652},"geometry":{"type":"MultiPolygon","coordinates":[[[[-65.256493,-26.803397],[-65.256651,-26.803537],[-65.256651,-26.803537],[-65.256651,-26.803537],[-65.256651,-26.803537],[-65.257529,-26.804322],[-65.258487,-26.805067],[-65.258841,-26.805162],[-65.260461,-26.806254],[-65.261123,-26.806701],[-65.261122,-26.806701],[-65.261122,-26.806701],[-65.261812,-26.806559],[-65.26025,-26.801631],[-65.26025,-26.801631],[-65.256752,-26.803105],[-65.256239,-26.802565],[-65.256239,-26.802565],[-65.255775,-26.802763],[-65.256493,-26.803397]]]]}},{"type":"Feature","properties":{"nombre":"Universitario Rugby Club","id":361,"tipo":"Zona","distrito":"Distrito 12","circuito":"18A","hectareas":6.813},"geometry":{"type":"MultiPolygon","coordinates":[[[[-65.263348,-26.831551],[-65.263268,-26.831553],[-65.263577,-26.83383],[-65.264638,-26.833738],[-65.264775,-26.833726],[-65.264823,-26.834205],[-65.266399,-26.834038],[-65.265562,-26.831362],[-65.263955,-26.831499],[-65.263348,-26.831551]]]]}},{"type":"Feature","properties":{"nombre":"Ojo de Agua","id":362,"tipo":"Zona","distrito":"Distrito 12","circuito":"18A","hectareas":22.209},"geometry":{"type":"MultiPolygon","coordinates":[[[[-65.262776,-26.836726],[-65.262776,-26.836726],[-65.263,-26.836887],[-65.264586,-26.838035],[-65.265061,-26.838379],[-65.264928,-26.835896],[-65.264903,-26.835441],[-65.264886,-26.835123],[-65.264866,-26.834773],[-65.263851,-26.834822],[-65.263717,-26.834829],[-65.263717,-26.834828],[-65.263704,-26.834829],[-65.263571,-26.833834],[-65.263268,-26.831553],[-65.262989,-26.83156],[-65.26251,-26.831572],[-65.260245,-26.831409],[-65.260244,-26.831411],[-65.26012,-26.8314],[-65.260007,-26.831639],[-65.259839,-26.831994],[-65.259526,-26.832657],[-65.25898,-26.833815],[-65.25886,-26.834068],[-65.258785,-26.834228],[-65.258785,-26.834228],[-65.259537,-26.834849],[-65.260241,-26.835191],[-65.261478,-26.835792],[-65.262776,-26.836726]]]]}},{"type":"Feature","properties":{"nombre":"Makro","id":363,"tipo":"Zona","distrito":"Distrito 12","circuito":"18A","hectareas":8.01},"geometry":{"type":"MultiPolygon","coordinates":[[[[-65.266912,-26.835679],[-65.264928,-26.835896],[-65.265061,-26.838379],[-65.266715,-26.839577],[-65.266905,-26.839279],[-65.267092,-26.838987],[-65.267335,-26.838556],[-65.267533,-26.838205],[-65.267682,-26.837941],[-65.267804,-26.837724],[-65.267611,-26.837709],[-65.267619,-26.837046],[-65.26767,-26.836214],[-65.267692,-26.836028],[-65.267709,-26.835695],[-65.266999,-26.835681],[-65.266912,-26.835679]]]]}},{"type":"Feature","properties":{"nombre":"Roca-Canal sur","id":364,"tipo":"Zona","distrito":"Distrito 12","circuito":"18B","hectareas":18.433},"geometry":{"type":"MultiPolygon","coordinates":[[[[-65.258569,-26.834585],[-65.258451,-26.83474],[-65.257903,-26.835466],[-65.257891,-26.835486],[-65.257764,-26.835674],[-65.257759,-26.835681],[-65.257754,-26.835689],[-65.257754,-26.835689],[-65.257752,-26.835691],[-65.257752,-26.835691],[-65.257591,-26.835931],[-65.257591,-26.835931],[-65.257585,-26.83594],[-65.257582,-26.835944],[-65.257547,-26.835996],[-65.257528,-26.836025],[-65.257528,-26.836025],[-65.257528,-26.836025],[-65.257521,-26.836035],[-65.257521,-26.836035],[-65.257521,-26.836036],[-65.257377,-26.836249],[-65.257353,-26.836286],[-65.257349,-26.836291],[-65.257323,-26.83633],[-65.257239,-26.836454],[-65.256776,-26.837143],[-65.256556,-26.837471],[-65.25632,-26.837822],[-65.256161,-26.838058],[-65.256104,-26.838143],[-65.256091,-26.838164],[-65.256082,-26.838176],[-65.255829,-26.838553],[-65.255339,-26.839281],[-65.255215,-26.839466],[-65.254131,-26.841079],[-65.254106,-26.841116],[-65.254708,-26.841502],[-65.255174,-26.841552],[-65.255397,-26.84156],[-65.255576,-26.841544],[-65.255757,-26.84151],[-65.255899,-26.841467],[-65.256274,-26.841351],[-65.256099,-26.840407],[-65.25604,-26.840088],[-65.256036,-26.840067],[-65.256033,-26.840046],[-65.256979,-26.838613],[-65.257804,-26.837342],[-65.258163,-26.837303],[-65.258436,-26.837251],[-65.258446,-26.837272],[-65.258452,-26.837271],[-65.258567,-26.837504],[-65.259825,-26.837293],[-65.262298,-26.836846],[-65.262303,-26.836878],[-65.262311,-26.836876],[-65.262435,-26.83767],[-65.262821,-26.840135],[-65.263425,-26.839984],[-65.26345,-26.839981],[-65.263395,-26.839492],[-65.26336,-26.839496],[-65.263217,-26.838548],[-65.263824,-26.838988],[-65.264208,-26.839269],[-65.264273,-26.839317],[-65.264397,-26.839926],[-65.265341,-26.839784],[-65.265522,-26.839757],[-65.266144,-26.839663],[-65.266715,-26.839577],[-65.265061,-26.838379],[-65.264586,-26.838035],[-65.263,-26.836887],[-65.262776,-26.836726],[-65.261478,-26.835792],[-65.260241,-26.835191],[-65.259537,-26.834849],[-65.258785,-26.834228],[-65.258569,-26.834585]]]]}},{"type":"Feature","properties":{"nombre":"Ampliacion Don Bosco","id":365,"tipo":"Barrio","distrito":"Distrito 20","circuito":"22","hectareas":8.888},"geometry":{"type":"MultiPolygon","coordinates":[[[[-65.216824,-26.877398],[-65.217158,-26.877931],[-65.217569,-26.878261],[-65.218242,-26.878617],[-65.219246,-26.878851],[-65.220462,-26.878822],[-65.220501,-26.878821],[-65.220617,-26.879372],[-65.220145,-26.879485],[-65.220066,-26.879504],[-65.220186,-26.879859],[-65.220517,-26.880836],[-65.220518,-26.880837],[-65.221095,-26.88072],[-65.221403,-26.881739],[-65.220869,-26.881843],[-65.221529,-26.883764],[-65.22113,-26.883892],[-65.218597,-26.88027],[-65.216824,-26.877398]]]]}},{"type":"Feature","properties":{"nombre":"Central Térmica Independencia","id":366,"tipo":"Zona","distrito":"Distrito 19","circuito":"21","hectareas":56.451},"geometry":{"type":"MultiPolygon","coordinates":[[[[-65.230114,-26.867698],[-65.230083,-26.867755],[-65.229709,-26.86845],[-65.221669,-26.869579],[-65.221153,-26.866456],[-65.221014,-26.865671],[-65.220325,-26.863604],[-65.226519,-26.862476],[-65.227387,-26.862543],[-65.228201,-26.862386],[-65.229284,-26.865393],[-65.230114,-26.867698]]]]}},{"type":"Feature","properties":{"nombre":"Ampliacion ATE","id":367,"tipo":"Zona","distrito":"Distrito 17","circuito":"18G","hectareas":19.246},"geometry":{"type":"MultiPolygon","coordinates":[[[[-65.261289,-26.847938],[-65.254822,-26.849267],[-65.255117,-26.850566],[-65.253854,-26.850795],[-65.254213,-26.851896],[-65.260716,-26.8506],[-65.260998,-26.85054],[-65.260999,-26.850544],[-65.260999,-26.850544],[-65.260998,-26.850536],[-65.261871,-26.85037],[-65.261289,-26.847938]]]]}},{"type":"Feature","properties":{"nombre":"Nueva Esperanza","id":368,"tipo":"Zona","distrito":"Distrito 20","circuito":"22","hectareas":11.356},"geometry":{"type":"MultiPolygon","coordinates":[[[[-65.224809,-26.888938],[-65.226011,-26.888555],[-65.227335,-26.888377],[-65.22741,-26.888464],[-65.227776,-26.888367],[-65.227811,-26.888275],[-65.227166,-26.886341],[-65.222114,-26.887107],[-65.222061,-26.888356],[-65.222044,-26.888867],[-65.223222,-26.88868],[-65.224523,-26.888459],[-65.224779,-26.888889],[-65.224809,-26.888938]]]]}},{"type":"Feature","properties":{"nombre":"GARS.A.","id":369,"tipo":"Zona","distrito":"Distrito 8","circuito":"14","hectareas":7.462},"geometry":{"type":"MultiPolygon","coordinates":[[[[-65.170994,-26.822929],[-65.170778,-26.823277],[-65.170757,-26.823409],[-65.169507,-26.823417],[-65.169468,-26.822067],[-65.169156,-26.821478],[-65.168297,-26.819773],[-65.167716,-26.818688],[-65.16923,-26.81841],[-65.170994,-26.822929]]]]}},{"type":"Feature","properties":{"nombre":"Lawn Tennis Club","id":370,"tipo":"Zona","distrito":"Distrito 7","circuito":"14 D","hectareas":12.785},"geometry":{"type":"MultiPolygon","coordinates":[[[[-65.185516,-26.809639],[-65.185075,-26.809347],[-65.18479,-26.809135],[-65.184473,-26.808898],[-65.183709,-26.808023],[-65.178689,-26.809158],[-65.178787,-26.809402],[-65.178787,-26.809402],[-65.178787,-26.809402],[-65.179001,-26.810149],[-65.179616,-26.810037],[-65.179678,-26.810371],[-65.180392,-26.810215],[-65.182011,-26.80986],[-65.182359,-26.811276],[-65.186099,-26.810536],[-65.185995,-26.810389],[-65.185916,-26.810232],[-65.185703,-26.809809],[-65.185625,-26.809738],[-65.185516,-26.809639]]]]}},{"type":"Feature","properties":{"nombre":"Hormeco","id":371,"tipo":"Zona","distrito":"Distrito 20","circuito":"22","hectareas":5.714},"geometry":{"type":"MultiPolygon","coordinates":[[[[-65.230594,-26.883306],[-65.230534,-26.882308],[-65.230485,-26.881302],[-65.227072,-26.881838],[-65.228145,-26.884008],[-65.22831,-26.883947],[-65.229515,-26.883464],[-65.229729,-26.883921],[-65.230632,-26.883868],[-65.230594,-26.883306]]]]}},{"type":"Feature","properties":{"nombre":"Deposito Chañaritos","id":372,"tipo":"Zona","distrito":"Distrito 14","circuito":"21","hectareas":13.398},"geometry":{"type":"MultiPolygon","coordinates":[[[[-65.23009,-26.867774],[-65.230295,-26.867985],[-65.234045,-26.865465],[-65.233084,-26.863973],[-65.231441,-26.864332],[-65.231246,-26.864375],[-65.229962,-26.864649],[-65.229951,-26.86463],[-65.229932,-26.864634],[-65.228588,-26.8623],[-65.228532,-26.862311],[-65.228224,-26.862425],[-65.22882,-26.864022],[-65.229284,-26.865393],[-65.230114,-26.867698],[-65.230083,-26.867755],[-65.23009,-26.867774]]]]}},{"type":"Feature","properties":{"nombre":"Elena White","id":373,"tipo":"Zona","distrito":"Distrito 17","circuito":"18G","hectareas":15.788},"geometry":{"type":"MultiPolygon","coordinates":[[[[-65.265217,-26.849746],[-65.265794,-26.852134],[-65.263266,-26.852519],[-65.262658,-26.852622],[-65.26242,-26.852664],[-65.263016,-26.854756],[-65.263099,-26.854957],[-65.263696,-26.85483],[-65.263708,-26.854875],[-65.263719,-26.854873],[-65.263829,-26.855191],[-65.264287,-26.85551],[-65.264319,-26.855634],[-65.266097,-26.855256],[-65.265549,-26.85375],[-65.265547,-26.85375],[-65.265453,-26.853486],[-65.26517,-26.85265],[-65.2656,-26.852563],[-65.266565,-26.85238],[-65.267957,-26.852084],[-65.267286,-26.849349],[-65.265217,-26.849746]]]]}},{"type":"Feature","properties":{"nombre":"Rosa Mistica","id":374,"tipo":"Zona","distrito":"Distrito 17","circuito":"18G","hectareas":114.619},"geometry":{"type":"MultiPolygon","coordinates":[[[[-65.250838,-26.852952],[-65.250968,-26.853398],[-65.249186,-26.853739],[-65.248258,-26.853933],[-65.246983,-26.85473],[-65.241905,-26.859086],[-65.242072,-26.860129],[-65.242468,-26.861677],[-65.247058,-26.864627],[-65.255195,-26.863151],[-65.254528,-26.860265],[-65.254528,-26.860265],[-65.254528,-26.860265],[-65.254528,-26.860265],[-65.25375,-26.856804],[-65.254682,-26.856642],[-65.254855,-26.85661],[-65.255474,-26.856478],[-65.255534,-26.856447],[-65.255472,-26.856118],[-65.255349,-26.855655],[-65.254223,-26.855769],[-65.253602,-26.855871],[-65.253594,-26.855833],[-65.253536,-26.855839],[-65.252759,-26.852474],[-65.250827,-26.852884],[-65.250838,-26.852952]]]]}},{"type":"Feature","properties":{"nombre":"San Cayetano sur","id":429,"tipo":"Barrio","distrito":"Distrito 16","circuito":"10A","hectareas":21.5},"geometry":{"type":"MultiPolygon","coordinates":[[[[-65.199931,-26.856504],[-65.200181,-26.857608],[-65.200181,-26.857608],[-65.200181,-26.857608],[-65.199055,-26.857852],[-65.198959,-26.857873],[-65.198842,-26.857899],[-65.198561,-26.85705],[-65.198452,-26.857084],[-65.197182,-26.857479],[-65.196044,-26.857772],[-65.195547,-26.8579],[-65.194517,-26.858127],[-65.193792,-26.858287],[-65.193482,-26.858365],[-65.193803,-26.859215],[-65.193879,-26.859418],[-65.193884,-26.859416],[-65.19388,-26.859404],[-65.194106,-26.859353],[-65.194343,-26.859301],[-65.194366,-26.859296],[-65.194569,-26.85925],[-65.194817,-26.859195],[-65.19564,-26.859011],[-65.195951,-26.86014],[-65.196777,-26.859952],[-65.200086,-26.859152],[-65.201091,-26.858909],[-65.201144,-26.858897],[-65.201442,-26.858827],[-65.202123,-26.858668],[-65.202417,-26.8586],[-65.202775,-26.858516],[-65.202499,-26.857584],[-65.202353,-26.857087],[-65.203012,-26.856955],[-65.203108,-26.857087],[-65.20334,-26.856989],[-65.202603,-26.855852],[-65.199919,-26.856488],[-65.199924,-26.856506],[-65.199931,-26.856504]]],[[[-65.19529,-26.855002],[-65.193223,-26.85499],[-65.192844,-26.855514],[-65.193466,-26.855423],[-65.194781,-26.85512],[-65.19529,-26.855002]]]]}},{"type":"Feature","properties":{"nombre":null,"id":null,"tipo":"Zona","distrito":null,"circuito":null,"hectareas":null},"geometry":{"type":"MultiPolygon","coordinates":[[[[-65.274872,-26.850672],[-65.274872,-26.850471],[-65.274794,-26.850321],[-65.274627,-26.850178],[-65.27455,-26.849891],[-65.274524,-26.849672],[-65.274316,-26.849551],[-65.274073,-26.84946],[-65.273983,-26.849259],[-65.273558,-26.849104],[-65.27343,-26.848886],[-65.27091,-26.849237],[-65.271427,-26.851409],[-65.271025,-26.8518],[-65.271031,-26.851849],[-65.271291,-26.851772],[-65.271385,-26.851745],[-65.274891,-26.850794],[-65.274872,-26.850672]]]]}},{"type":"Feature","properties":{"nombre":"cerveceria y malteria Quilmes","id":null,"tipo":"Zona","distrito":null,"circuito":null,"hectareas":null},"geometry":{"type":"MultiPolygon","coordinates":[[[[-65.26788,-26.842286],[-65.268235,-26.842263],[-65.268492,-26.842154],[-65.268647,-26.841993],[-65.268878,-26.841579],[-65.268956,-26.841367],[-65.269271,-26.840746],[-65.269883,-26.839902],[-65.269876,-26.839575],[-65.26976,-26.839173],[-65.269805,-26.838541],[-65.270044,-26.838276],[-65.270089,-26.837896],[-65.267804,-26.837724],[-65.267682,-26.837941],[-65.267533,-26.838205],[-65.267335,-26.838556],[-65.267092,-26.838987],[-65.266905,-26.839279],[-65.266715,-26.839577],[-65.266144,-26.839663],[-65.265522,-26.839757],[-65.265341,-26.839784],[-65.264397,-26.83993],[-65.263886,-26.840033],[-65.264313,-26.840243],[-65.264706,-26.840437],[-65.265429,-26.840794],[-65.265747,-26.840951],[-65.265955,-26.841062],[-65.266503,-26.841355],[-65.266732,-26.84155],[-65.266883,-26.841679],[-65.267037,-26.84181],[-65.267049,-26.841821],[-65.267408,-26.842127],[-65.267577,-26.842214],[-65.267803,-26.842332],[-65.26788,-26.842286]]]]}},{"type":"Feature","properties":{"nombre":null,"id":null,"tipo":null,"distrito":null,"circuito":null,"hectareas":null},"geometry":{"type":"MultiPolygon","coordinates":[[[[-65.172824,-26.793409],[-65.171127,-26.795763],[-65.17006,-26.795862],[-65.16922,-26.792756],[-65.170988,-26.792586],[-65.172176,-26.792184],[-65.17234,-26.792737],[-65.172824,-26.793409]]]]}},{"type":"Feature","properties":{"nombre":"Barrio IPV","id":null,"tipo":null,"distrito":null,"circuito":null,"hectareas":null},"geometry":{"type":"MultiPolygon","coordinates":[[[[-65.170787,-26.814506],[-65.162193,-26.815976],[-65.161445,-26.817461],[-65.166664,-26.81662],[-65.166662,-26.816613],[-65.171023,-26.815918],[-65.170787,-26.814506]]]]}},{"type":"Feature","properties":{"nombre":"zona lawn tennis","id":null,"tipo":null,"distrito":null,"circuito":null,"hectareas":null},"geometry":{"type":"MultiPolygon","coordinates":[[[[-65.182725,-26.806652],[-65.181145,-26.807024],[-65.181129,-26.806998],[-65.181086,-26.807007],[-65.181098,-26.807025],[-65.177142,-26.807935],[-65.177111,-26.807868],[-65.170674,-26.809261],[-65.17146,-26.810596],[-65.183696,-26.808007],[-65.182725,-26.806652]]]]}},{"type":"Feature","properties":{"nombre":"zona planta san felipe","id":null,"tipo":null,"distrito":null,"circuito":null,"hectareas":null},"geometry":{"type":"MultiPolygon","coordinates":[[[[-65.208335,-26.874733],[-65.206451,-26.875163],[-65.206439,-26.875146],[-65.205735,-26.875299],[-65.208613,-26.879294],[-65.214528,-26.877704],[-65.214528,-26.877704],[-65.212068,-26.87392],[-65.208335,-26.874733]]]]}},{"type":"Feature","properties":{"nombre":"zona parque industrial sur","id":null,"tipo":null,"distrito":null,"circuito":null,"hectareas":null},"geometry":{"type":"MultiPolygon","coordinates":[[[[-65.224662,-26.895607],[-65.220441,-26.893217],[-65.213445,-26.899993],[-65.217587,-26.903219],[-65.224662,-26.895607]]]]}}]}